user,item,topk,new_topk,counterfactual,predicted_scores,replacement
61,1430,"[1430, 1485, 509, 903, 1525, 1252, 1578, 1055, 126, 651, 601, 639, 56, 1182, 897, 511, 478, 937, 191, 661, 726, 133, 184, 1104, 534, 313, 177, 425, 1333, 179, 485, 1011, 1009, 1352, 22, 643, 78, 273, 566, 1163, 928, 894, 477, 227, 480, 1261, 883, 1181, 426, 364]","[1430, 1485, 509, 903, 1252, 1525, 1578, 651, 1055, 126, 601, 1182, 56, 639, 511, 478, 897, 937, 661, 726, 191, 534, 184, 313, 133, 177, 425, 1333, 643, 1104, 1011, 179, 1009, 485, 1352, 22, 273, 1181, 426, 364, 928, 894, 1261, 477, 566, 1163, 480, 78, 883, 227]",{305},"[6.0273867, 5.435774, 5.3145113, 5.224591, 5.121645, 5.16897, 5.094985, 5.078891, 5.0365415, 5.08622, 4.9923615, 4.9708943, 4.980497, 4.9916406, 4.9114685, 4.925828, 4.92554, 4.888171, 4.8628206, 4.8726726, 4.8673573, 4.74996, 4.764299, 4.7106156, 4.801379, 4.758546, 4.7313447, 4.728952, 4.725875, 4.701539, 4.691186, 4.702056, 4.691226, 4.685394, 4.677711, 4.724775, 4.6254745, 4.6619744, 4.630172, 4.6270366, 4.648262, 4.645327, 4.635205, 4.6008687, 4.626426, 4.6437, 4.606253, 4.6574936, 4.6574903, 4.6554894]",1252
62,1147,"[1147, 737, 146, 1297, 183, 345, 187, 518, 1061, 509, 5, 198, 1118, 270, 401, 611, 49, 832, 645, 1430, 688, 514, 774, 476, 126, 657, 1111, 461, 748, 1582, 223, 1129, 209, 528, 82, 13, 954, 1246, 125, 7, 586, 168, 1330, 996, 524, 186, 191, 1253, 1447, 27]","[737, 146, 518, 5, 49, 514, 1582, 183, 401, 657, 1147, 1111, 345, 187, 1061, 1297, 586, 198, 270, 209, 832, 748, 1129, 611, 645, 528, 509, 954, 774, 476, 1246, 1330, 461, 27, 223, 13, 996, 168, 688, 125, 1430, 1118, 524, 1253, 82, 126, 7, 1447, 186, 191]","{1024, 2, 8, 1032, 1038, 1042, 22, 24, 544, 552, 557, 48, 561, 1078, 55, 61, 63, 65, 1093, 76, 588, 595, 601, 99, 105, 618, 110, 117, 634, 122, 635, 648, 154, 158, 671, 672, 670, 163, 675, 677, 679, 680, 172, 685, 684, 687, 173, 689, 1203, 180, 693, 1204, 202, 1234, 723, 211, 724, 728, 216, 734, 736, 225, 236, 750, 752, 241, 1269, 1275, 1276, 763, 766, 258, 259, 265, 272, 785, 273, 279, 280, 792, 796, 291, 292, 296, 297, 811, 300, 820, 821, 325, 329, 337, 341, 356, 361, 887, 891, 896, 391, 918, 920, 921, 925, 926, 941, 434, 445, 446, 450, 458, 970, 974, 984, 475, 992, 484, 1000, 1003, 1014}","[5.397292, 6.1263967, 5.776875, 5.2794538, 5.424705, 5.3721805, 5.3658967, 5.677356, 5.2943068, 5.075354, 5.616461, 5.249567, 4.8825927, 5.1654754, 5.4185233, 5.1286044, 5.5344667, 5.1458316, 5.100652, 4.8888097, 4.894146, 5.4578586, 5.0652556, 5.064346, 4.7886786, 5.397404, 5.383144, 4.994111, 5.1391263, 5.4410157, 4.970952, 5.1289306, 5.1485944, 5.0838723, 4.8142223, 4.9207134, 5.0752587, 5.0445724, 4.890692, 4.7501264, 5.2579083, 4.8942165, 5.033124, 4.9060297, 4.8392706, 4.627923, 4.6238995, 4.8344316, 4.6659927, 4.9781494]",657
63,601,"[601, 478, 168, 1485, 88, 184, 425, 134, 355, 477, 177, 472, 1525, 749, 1352, 642, 651, 11, 113, 1114, 159, 610, 430, 1181, 509, 1430, 523, 652, 22, 406, 661, 191, 510, 126, 127, 604, 517, 863, 315, 605, 609, 915, 928, 527, 1094, 98, 486, 441, 1011, 480]","[915, 652, 609, 1114, 749, 510, 642, 159, 604, 1485, 113, 1094, 177, 1525, 610, 651, 517, 928, 406, 601, 1011, 168, 478, 523, 88, 605, 1430, 477, 480, 509, 863, 184, 425, 127, 134, 355, 11, 472, 1181, 98, 315, 430, 527, 661, 1352, 22, 126, 441, 486, 191]","{298, 303, 306, 308, 343, 311}","[4.4304914, 4.363374, 4.372588, 4.6267233, 4.3551965, 4.202434, 4.1673894, 4.157899, 4.1563888, 4.297588, 4.5652313, 4.1070127, 4.5495853, 4.818257, 3.8533313, 4.7339168, 4.486037, 4.1083283, 4.5838885, 4.877437, 4.7133026, 4.5206532, 3.9205427, 4.0335383, 4.239786, 4.3220735, 4.3578343, 4.899943, 3.8519032, 4.4394536, 3.881889, 3.6825886, 4.8051863, 3.8202622, 4.164963, 4.6855946, 4.481822, 4.2304516, 3.959072, 4.351991, 4.898299, 4.9153996, 4.441593, 3.89933, 4.5728974, 3.9937778, 3.7294765, 3.729592, 4.407386, 4.281113]",928
64,267,"[267, 477, 610, 1010, 605, 127, 928, 749, 946, 1252, 642, 164, 1003, 513, 283, 1140, 44, 304, 646, 195, 517, 527, 245, 205, 941, 849, 647, 954, 491, 432, 613, 270, 159, 895, 649, 390, 915, 115, 1147, 1011, 1521, 124, 118, 1054, 1581, 206, 419, 1044, 293, 907]","[1010, 907, 267, 610, 749, 928, 1252, 477, 513, 605, 127, 390, 1140, 1581, 895, 849, 646, 946, 195, 283, 304, 118, 517, 642, 1011, 44, 245, 527, 164, 647, 270, 613, 1003, 432, 954, 491, 124, 941, 205, 159, 293, 1147, 649, 115, 206, 1521, 1044, 1054, 915, 419]","{512, 3, 515, 1030, 6, 8, 520, 9, 1035, 523, 13, 526, 14, 1038, 1041, 24, 27, 30, 1061, 43, 49, 51, 564, 55, 57, 63, 64, 65, 1089, 68, 580, 1092, 582, 72, 78, 80, 82, 85, 86, 88, 601, 603, 92, 604, 607, 608, 96, 612, 113, 626, 627, 625, 630, 631, 120, 123, 640, 130, 131, 132, 134, 135, 136, 650, 652, 142, 655, 657, 659, 660, 661, 662, 150, 152, 153, 151, 673, 161, 168, 169, 681, 171, 172, 173, 174, 170, 683, 177, 180, 182, 696, 185, 699, 189, 190, 702, 192, 193, 194, 706, 704, 196, 198, 199, 712, 203, 208, 209, 210, 720, 212, 215, 731, 221, 223, 737, 1250, 227, 743, 744, 233, 1255, 1272, 257, 1283, 1284, 272, 273, 275, 284, 285, 809, 299, 300, 821, 315, 316, 830, 319, 831, 832, 326, 840, 842, 354, 355, 370, 376, 379, 380, 385, 391, 911, 416, 417, 418, 931, 421, 423, 425, 937, 427, 428, 430, 944, 433, 434, 945, 953, 441, 956, 962, 459, 461, 462, 464, 467, 468, 472, 476, 478, 481, 482, 483, 484, 485, 486, 997, 488, 489, 490, 487, 495, 496, 497, 501, 502, 503, 504, 507}","[5.5439405, 5.20499, 5.4899545, 5.5767055, 5.069395, 4.960178, 5.252077, 5.3286543, 4.862274, 5.2295766, 4.7953954, 4.784271, 4.704809, 5.0891385, 4.8423667, 4.9084682, 4.7893453, 4.8355465, 4.8675995, 4.8458457, 4.8042784, 4.7858396, 4.788899, 4.5691056, 4.6529512, 4.868173, 4.7811394, 4.6903462, 4.686791, 4.6945477, 4.708072, 4.7280183, 4.567452, 4.901391, 4.5415597, 4.923404, 4.4375153, 4.537833, 4.546669, 4.790665, 4.4714837, 4.6637197, 4.821409, 4.4398665, 4.9076014, 4.5019064, 4.378273, 4.445742, 4.5667424, 5.5480394]",907
65,127,"[127, 966, 731, 337, 425, 22, 891, 318, 642, 44, 673, 893, 1181, 604, 13, 687, 486, 1220, 1117, 159, 679, 309, 749, 428, 19, 197, 241, 937, 629, 314, 201, 1057, 286, 446, 491, 426, 626, 807, 10, 347, 916, 644, 742, 189, 344, 304, 512, 331, 601, 502]","[731, 425, 318, 127, 966, 337, 1117, 13, 22, 891, 642, 604, 44, 486, 1181, 491, 159, 673, 428, 309, 241, 197, 601, 893, 1220, 626, 749, 512, 502, 19, 679, 629, 344, 687, 314, 446, 644, 426, 742, 10, 807, 1057, 304, 286, 937, 201, 347, 189, 916, 331]","{171, 173, 126}","[5.537649, 5.4032063, 5.811189, 5.2103896, 5.6044016, 5.099622, 5.0515924, 5.5826683, 4.997433, 4.982352, 4.91836, 4.7084866, 4.972468, 4.9902706, 5.1542864, 4.520748, 4.9766135, 4.6813636, 5.1762595, 4.9488792, 4.563616, 4.8318944, 4.657841, 4.832305, 4.601362, 4.791241, 4.802337, 4.3943315, 4.549772, 4.501632, 4.383275, 4.423909, 4.407172, 4.501187, 4.952875, 4.4835997, 4.679659, 4.456936, 4.4586735, 4.342193, 4.2393036, 4.483642, 4.462284, 4.2658453, 4.53561, 4.4188876, 4.628012, 4.221925, 4.7727942, 4.607214]",318
66,1430,"[1430, 1485, 629, 44, 652, 610, 1330, 642, 1525, 181, 479, 928, 609, 749, 211, 1333, 601, 604, 639, 155, 55, 202, 1055, 478, 118, 1254, 511, 894, 58, 863, 22, 1094, 426, 99, 1011, 126, 197, 897, 1352, 915, 309, 133, 184, 245, 428, 512, 159, 177, 425, 134]","[1430, 1485, 1525, 639, 749, 44, 181, 610, 629, 601, 155, 479, 642, 928, 478, 202, 1254, 211, 1055, 126, 915, 1011, 55, 511, 245, 897, 1333, 184, 652, 177, 425, 134, 863, 22, 1094, 133, 426, 159, 1330, 197, 894, 118, 309, 609, 99, 1352, 604, 58, 428, 512]",{325},"[5.3612585, 5.3083277, 4.866008, 4.90427, 4.621189, 4.8700705, 4.527477, 4.841049, 4.990617, 4.9017467, 4.8595715, 4.800159, 4.4642887, 4.9254146, 4.719694, 4.6429214, 4.862492, 4.383608, 4.9283166, 4.8623495, 4.67141, 4.7396264, 4.6914415, 4.795728, 4.4970503, 4.731062, 4.6612635, 4.5028, 4.3004093, 4.5885835, 4.582467, 4.5742807, 4.5432487, 4.4500303, 4.673047, 4.6852183, 4.5080686, 4.643717, 4.4394517, 4.6780386, 4.48236, 4.5576615, 4.634311, 4.6501474, 4.1550303, 4.1521482, 4.538765, 4.6015673, 4.599335, 4.5899134]",1525
67,1430,"[1430, 849, 1147, 1578, 1246, 1444, 698, 610, 1255, 1485, 1352, 895, 1156, 860, 1554, 950, 1154, 1446, 1441, 903, 257, 1292, 1118, 303, 897, 937, 639, 657, 1010, 1190, 858, 1330, 809, 1525, 1252, 1581, 8, 7, 461, 555, 1440, 1055, 342, 636, 261, 694, 1088, 645, 135, 370]","[849, 1246, 1154, 698, 1444, 370, 1430, 1292, 1147, 1255, 809, 1440, 1156, 257, 1578, 937, 610, 950, 1118, 895, 1581, 657, 860, 1485, 7, 694, 1352, 1010, 1554, 1088, 1441, 261, 1446, 303, 461, 858, 645, 636, 903, 1330, 1252, 8, 1190, 555, 135, 342, 897, 639, 1525, 1055]","{128, 649, 523, 1038, 273, 275, 21, 406, 408, 281, 282, 283, 544, 160, 1058, 292, 548, 38, 173, 433, 818, 181, 186, 193, 67, 969, 976, 81, 88, 220, 221, 95, 740, 229, 1002, 234, 237, 1007, 371, 115, 117, 116, 122, 251, 124, 509, 126, 383}","[5.3828597, 6.012296, 5.34134, 5.081715, 5.5889435, 5.3936195, 5.4086895, 5.015624, 5.326208, 4.792437, 4.7685914, 4.87039, 5.1505203, 4.806496, 4.753006, 5.0021667, 5.475933, 4.735135, 4.744307, 4.5974975, 5.099766, 5.3444505, 4.9695582, 4.6773524, 4.5368547, 5.02283, 4.5033445, 4.834413, 4.758191, 4.57044, 4.6191826, 4.5960474, 5.2258606, 4.4596996, 4.5857487, 4.8531423, 4.577635, 4.7862577, 4.6512814, 4.5662045, 5.1886044, 4.4369893, 4.5501437, 4.6083775, 4.7433634, 4.768687, 4.7521873, 4.611777, 4.554497, 5.3883967]",370
68,311,"[311, 1010, 63, 142, 316, 173, 168, 188, 49, 171, 1477, 270, 172, 314, 214, 417, 250, 485, 113, 11, 313, 295, 658, 960, 1552, 513, 954, 78, 27, 425, 203, 483, 518, 649, 1121, 256, 958, 165, 842, 494, 421, 762, 509, 132, 832, 487, 195, 207, 209, 748]","[311, 63, 748, 1010, 316, 1552, 27, 49, 1477, 314, 214, 295, 256, 142, 485, 250, 209, 954, 168, 188, 313, 658, 171, 173, 270, 425, 203, 417, 649, 1121, 172, 78, 518, 113, 958, 11, 165, 960, 832, 421, 195, 509, 513, 494, 483, 842, 762, 132, 487, 207]","{224, 356, 6, 840, 1003, 1004, 236, 1039, 242, 244, 23, 120, 474, 317, 1086}","[6.142303, 5.8300915, 6.0468006, 5.525245, 5.7535763, 5.3637, 5.4325285, 5.413959, 5.660601, 5.365771, 5.6445985, 5.3468285, 5.23594, 5.615211, 5.6029673, 5.2687516, 5.4661975, 5.494116, 5.180439, 5.152052, 5.40062, 5.6026278, 5.3829613, 5.0921693, 5.696335, 5.055373, 5.4522467, 5.2304816, 5.6863027, 5.31508, 5.309925, 5.0086336, 5.18944, 5.2551217, 5.251598, 5.5651765, 5.175757, 5.128176, 4.8983636, 5.0474916, 5.072354, 4.874373, 5.0592594, 4.862326, 5.0753317, 4.859672, 5.0650234, 4.748537, 5.464313, 5.830749]",748
69,611,"[611, 882, 113, 355, 609, 63, 199, 41, 182, 165, 309, 197, 11, 996, 491, 527, 509, 133, 425, 168, 610, 1330, 13, 785, 1061, 164, 893, 25, 344, 1117, 1114, 248, 1001, 819, 1254, 915, 867, 202, 612, 1411, 501, 322, 601, 510, 652, 599, 250, 159, 582, 318]","[611, 882, 63, 113, 491, 197, 609, 996, 199, 344, 1061, 318, 355, 165, 309, 1117, 13, 182, 527, 425, 1330, 893, 41, 819, 610, 867, 168, 652, 785, 25, 11, 509, 322, 915, 133, 612, 164, 1411, 582, 248, 1114, 1254, 250, 601, 599, 1001, 510, 159, 202, 501]","{134, 12, 271, 280, 156, 542, 690, 184, 458, 459, 472, 602, 92, 481, 99, 233, 108, 626, 506}","[5.8044167, 5.7594285, 5.3991914, 5.191193, 5.316368, 5.5884824, 5.2946067, 4.999619, 5.1214657, 5.1804833, 5.1489744, 5.3487725, 4.912564, 5.3115463, 5.3938885, 5.0728526, 4.9024205, 4.845103, 5.0688033, 4.9627137, 4.969424, 5.067913, 5.138415, 4.9527683, 5.252793, 4.810328, 5.0439153, 4.9258184, 5.2629566, 5.1432166, 4.753182, 4.778852, 4.7123113, 4.9923663, 4.7491145, 4.8624177, 4.968588, 4.6020317, 4.8420978, 4.7856927, 4.5698967, 4.901299, 4.7337165, 4.6954145, 4.9551883, 4.71724, 4.7425056, 4.656238, 4.77959, 5.1982427]",318
70,127,"[127, 472, 1003, 188, 1181, 191, 425, 490, 237, 241, 614, 1205, 355, 478, 432, 491, 213, 601, 673, 477, 78, 661, 1118, 966, 296, 318, 291, 612, 337, 168, 1220, 731, 114, 300, 642, 494, 184, 1054, 1012, 272, 113, 88, 390, 73, 605, 523, 344, 851, 293, 130]","[188, 425, 318, 127, 472, 490, 1003, 478, 491, 355, 1181, 191, 731, 661, 113, 601, 78, 614, 477, 241, 1220, 184, 851, 73, 432, 168, 88, 300, 523, 673, 966, 291, 1054, 1205, 296, 344, 612, 1012, 605, 114, 642, 337, 1118, 237, 390, 293, 130, 213, 494, 272]","{97, 131, 68, 1252, 134, 69, 186, 201, 485, 173, 270, 49, 274, 212, 314, 316, 638}","[4.410119, 4.3549676, 4.015998, 4.4704847, 3.9548664, 3.9545918, 4.4651475, 4.2078257, 3.1601467, 3.6719456, 3.7572784, 3.3361008, 3.9656954, 4.0086646, 3.5898504, 3.9975138, 3.0457225, 3.7748287, 3.420084, 3.7460375, 3.7673266, 3.8097343, 3.21186, 3.3800812, 3.3228147, 4.41873, 3.3476136, 3.305102, 3.2130432, 3.5738988, 3.655919, 3.8192244, 3.2571847, 3.543922, 3.2167916, 2.9893577, 3.626441, 3.3410788, 3.2660222, 2.855682, 3.799985, 3.5690682, 3.1439326, 3.6006806, 3.2646947, 3.5414736, 3.3144758, 3.6152353, 3.1296697, 3.051378]",318
71,698,"[698, 766, 741, 1010, 536, 809, 849, 860, 243, 338, 475, 1444, 610, 914, 1156, 303, 189, 899, 250, 895, 1440, 484, 92, 694, 749, 1430, 971, 188, 706, 1252, 1581, 306, 1154, 113, 848, 1246, 1190, 705, 1118, 168, 142, 207, 851, 8, 24, 1330, 90, 748, 1147, 937]","[849, 1430, 766, 860, 610, 698, 1010, 895, 749, 809, 741, 1444, 303, 1252, 338, 1156, 243, 250, 8, 1118, 189, 536, 188, 92, 1147, 851, 848, 484, 1246, 1440, 694, 207, 475, 306, 1581, 705, 168, 1154, 914, 142, 1330, 113, 899, 706, 971, 1190, 748, 937, 24, 90]",{47},"[5.0999117, 5.147665, 4.991541, 5.0934644, 4.8307147, 5.0206437, 5.181638, 5.11333, 4.9393535, 4.9608974, 4.7132597, 4.9890447, 5.101775, 4.690493, 4.95471, 4.9690995, 4.835301, 4.6321, 4.9235644, 5.0791655, 4.7396746, 4.741928, 4.7829466, 4.7202983, 5.045446, 5.157433, 4.600395, 4.8276887, 4.6279936, 4.965287, 4.708522, 4.710816, 4.6940827, 4.6497574, 4.760057, 4.7409854, 4.5913057, 4.6979795, 4.856745, 4.6953783, 4.68681, 4.7188725, 4.766348, 4.8636537, 4.535105, 4.664026, 4.51166, 4.5711956, 4.770232, 4.566502]",849
72,494,"[494, 78, 97, 954, 68, 732, 21, 355, 173, 96, 27, 164, 63, 566, 169, 215, 1147, 81, 493, 229, 728, 941, 525, 649, 295, 653, 481, 222, 735, 285, 1054, 171, 302, 65, 1430, 1011, 503, 600, 203, 751, 509, 378, 49, 163, 189, 497, 689, 126, 161, 465]","[78, 954, 97, 566, 494, 68, 173, 96, 27, 63, 169, 355, 728, 649, 732, 1054, 21, 171, 215, 302, 203, 81, 49, 378, 189, 941, 525, 689, 295, 65, 465, 653, 481, 222, 164, 1011, 503, 600, 163, 493, 1147, 229, 161, 509, 735, 285, 1430, 751, 497, 126]","{0, 257, 289, 675, 1003, 272, 594, 979, 125, 254, 280, 124, 221, 286}","[5.956797, 6.338872, 6.0211225, 6.061131, 5.723424, 5.3157854, 5.298701, 5.432362, 5.6762743, 5.636068, 5.5592303, 5.0480995, 5.547648, 5.9740076, 5.526291, 5.265916, 4.9169707, 5.2121696, 4.9375153, 4.916595, 5.4201875, 5.1701107, 5.1536694, 5.3918943, 5.1212106, 5.088556, 5.0848346, 5.0524464, 4.808641, 4.8079457, 5.2991915, 5.295443, 5.2589297, 5.11164, 4.769328, 5.0208, 5.0178847, 5.0120516, 5.2583876, 4.746997, 4.829492, 5.1906257, 5.2037888, 4.9402194, 5.185791, 4.662903, 5.124726, 4.6130695, 4.869533, 5.1099505]",566
73,858,"[858, 714, 691, 494, 1124, 732, 304, 479, 241, 1441, 1190, 481, 1141, 704, 1578, 492, 531, 212, 1430, 268, 954, 604, 497, 968, 630, 928, 169, 164, 1352, 649, 1237, 529, 192, 370, 133, 179, 948, 376, 1011, 261, 631, 482, 1485, 38, 206, 736, 429, 190, 1229, 486]","[858, 714, 732, 479, 1441, 494, 1124, 497, 304, 164, 691, 241, 192, 133, 704, 481, 531, 1141, 1190, 492, 212, 376, 1352, 604, 968, 948, 529, 169, 179, 649, 1237, 1011, 631, 482, 206, 190, 486, 429, 268, 954, 370, 928, 630, 261, 1578, 38, 1430, 1485, 1229, 736]","{0, 10, 400, 20, 28, 30, 926, 159, 929, 161, 167, 551, 1077, 693, 55, 1208, 705, 841, 330, 338, 215, 93, 735, 97, 743, 123, 236, 369, 759, 1019}","[7.441167, 6.724473, 6.354194, 6.434391, 6.429014, 6.6941814, 6.3980865, 6.631814, 6.326413, 6.610673, 6.1790323, 6.2172546, 6.191618, 6.2417374, 5.6080656, 6.176761, 6.202192, 6.164916, 5.5893726, 5.7798667, 5.775032, 6.1080995, 6.4271235, 6.0548334, 5.7221026, 5.7433467, 6.013265, 6.356607, 6.125528, 5.990931, 5.968552, 6.030455, 6.317065, 5.7533474, 6.287607, 5.991652, 6.047897, 6.1487565, 5.9607043, 5.6593504, 5.8982477, 5.8799577, 5.497045, 5.599516, 5.858309, 5.3823023, 5.8040714, 5.8149853, 5.477696, 5.806226]",164
74,1485,"[1485, 509, 1430, 610, 1254, 168, 1525, 949, 133, 283, 599, 406, 639, 601, 197, 477, 541, 481, 49, 191, 513, 480, 1114, 177, 355, 478, 245, 112, 113, 472, 915, 609, 1118, 645, 164, 198, 611, 605, 510, 1452, 503, 669, 1163, 1352, 485, 511, 342, 749, 233, 184]","[610, 749, 1485, 1254, 509, 1430, 168, 599, 949, 133, 197, 283, 406, 1525, 477, 1114, 481, 113, 609, 915, 611, 480, 513, 177, 112, 245, 639, 472, 669, 510, 49, 164, 198, 601, 541, 191, 605, 1452, 503, 355, 1163, 478, 1118, 645, 511, 233, 485, 184, 342, 1352]","{320, 259, 298, 143, 22, 319}","[4.9352674, 4.9146175, 4.889597, 4.949857, 4.931883, 4.773487, 4.6144485, 4.713642, 4.687087, 4.6671033, 4.718095, 4.651264, 4.5201674, 4.487304, 4.6682377, 4.6071696, 4.481694, 4.589042, 4.502197, 4.4629717, 4.5463014, 4.548523, 4.6066136, 4.5441675, 4.4332643, 4.4205194, 4.5232916, 4.5362597, 4.587382, 4.5087013, 4.570406, 4.5715246, 4.412175, 4.3807435, 4.495198, 4.488733, 4.5490465, 4.459789, 4.5022764, 4.4524117, 4.436998, 4.5042286, 4.4224443, 4.1370587, 4.2907233, 4.366634, 4.2459626, 4.941771, 4.3638377, 4.2575393]",749
75,311,"[311, 832, 494, 1554, 369, 392, 1129, 732, 165, 954, 250, 1330, 1430, 1477, 314, 1010, 295, 86, 1182, 376, 485, 462, 276, 1140, 1373, 189, 313, 658, 164, 209, 190, 726, 1431, 960, 947, 1139, 401, 957, 938, 354, 1121, 1552, 427, 1036, 1525, 660, 582, 118, 1428, 1485]","[311, 494, 832, 1129, 954, 732, 392, 1330, 165, 250, 369, 295, 1477, 1430, 314, 376, 1431, 1554, 1010, 189, 1140, 86, 1182, 190, 485, 1373, 164, 209, 957, 276, 313, 1139, 401, 658, 354, 960, 1552, 938, 947, 1121, 660, 582, 1428, 462, 726, 1036, 1525, 118, 1485, 427]","{0, 257, 6, 10, 1038, 143, 656, 281, 163, 676, 421, 293, 167, 171, 173, 431, 179, 54, 315, 61, 65, 193, 452, 198, 199, 75, 203, 589, 78, 208, 82, 594, 1109, 470, 88, 984, 1244, 222, 95, 481, 738, 247}","[5.4408813, 5.337173, 5.3415346, 4.885468, 5.030182, 5.185659, 5.2418675, 5.1963053, 5.1023707, 5.214842, 5.0473003, 5.1445274, 4.927454, 4.9437757, 4.912773, 4.8514533, 4.9680295, 4.8162007, 4.8088403, 4.9021673, 4.792945, 4.4494047, 4.7067494, 4.832068, 4.769706, 4.838731, 4.699003, 4.682753, 4.7657447, 4.75598, 4.7930713, 4.3458567, 4.8891177, 4.629421, 4.6032767, 4.6844006, 4.6843457, 4.7188683, 4.606783, 4.6481957, 4.5499187, 4.621828, 4.2118506, 4.343693, 4.338691, 4.5102715, 4.50384, 4.3273916, 4.4895177, 4.299904]",1431
76,832,"[832, 1010, 1373, 235, 250, 1552, 1156, 748, 514, 1231, 165, 142, 209, 173, 168, 216, 805, 188, 264, 401, 171, 63, 120, 49, 882, 766, 1444, 765, 417, 1428, 144, 764, 890, 23, 849, 316, 362, 737, 1554, 180, 518, 113, 660, 1564, 172, 11, 147, 1477, 1013, 1440]","[250, 1156, 235, 1477, 832, 882, 1010, 1373, 1231, 216, 23, 737, 890, 766, 165, 142, 1552, 849, 144, 1440, 173, 168, 188, 264, 748, 401, 171, 63, 1013, 209, 49, 417, 805, 514, 316, 120, 180, 765, 113, 660, 1428, 172, 764, 11, 518, 1554, 1564, 1444, 147, 362]","{257, 900, 329, 908, 303, 536, 345}","[5.1151958, 5.042256, 5.0017743, 5.1195307, 5.402613, 4.732567, 5.1665835, 4.6035557, 4.4657784, 4.9576354, 4.7397604, 4.737346, 4.5490866, 4.6510553, 4.6447673, 4.8560085, 4.5175467, 4.6258636, 4.6151705, 4.596319, 4.5896063, 4.5648937, 4.4413986, 4.548507, 5.044498, 4.742473, 4.225514, 4.3982873, 4.518414, 4.37391, 4.701059, 4.368017, 4.767412, 4.845313, 4.716801, 4.4491563, 4.0721154, 4.82287, 4.255472, 4.4059277, 4.2764654, 4.3926134, 4.3905993, 4.2543974, 4.370507, 4.364276, 4.157111, 5.116561, 4.5635953, 4.6769514]",1477
77,642,"[642, 601, 318, 478, 425, 477, 196, 604, 788, 355, 44, 486, 222, 1117, 291, 406, 123, 170, 702, 169, 1011, 205, 177, 432, 430, 481, 605, 113, 490, 652, 472, 631, 63, 517, 496, 526, 98, 954, 830, 427, 520, 602, 600, 135, 1436, 636, 1330, 237, 184, 131]","[478, 642, 113, 604, 1436, 44, 177, 170, 830, 430, 196, 318, 406, 517, 631, 123, 98, 222, 605, 652, 788, 184, 601, 526, 427, 600, 425, 702, 169, 1011, 131, 1330, 520, 486, 1117, 481, 135, 477, 496, 954, 237, 205, 355, 291, 636, 432, 490, 602, 472, 63]","{68, 39, 200, 712, 234, 728, 212, 120, 316, 190}","[6.604915, 6.0092916, 6.173787, 6.885225, 5.912016, 5.737962, 6.176977, 6.341169, 6.065677, 5.5273166, 6.283909, 5.8175893, 6.1168017, 5.813032, 5.502158, 6.172372, 6.121483, 6.210367, 5.8900776, 5.8837895, 5.881159, 5.5738406, 6.2585073, 5.3219132, 6.195212, 5.7964215, 6.094566, 6.3966756, 5.298348, 6.068178, 5.257753, 6.132532, 5.2203064, 6.1443152, 5.721073, 5.988191, 6.1185427, 5.6731, 6.1982045, 5.960308, 5.854129, 5.258821, 5.9362516, 5.7594733, 6.3274693, 5.48913, 5.8684106, 5.6536016, 6.0111895, 5.8748903]",184
78,127,"[127, 188, 1205, 1054, 573, 569, 142, 1003, 1220, 316, 201, 78, 472, 427, 432, 37, 114, 1181, 213, 173, 1410, 1010, 525, 728, 605, 293, 937, 490, 419, 254, 1044, 88, 634, 318, 477, 21, 113, 613, 97, 653, 386, 608, 143, 724, 890, 270, 177, 893, 164, 441]","[127, 188, 1205, 1054, 142, 573, 472, 569, 1003, 1220, 316, 201, 78, 427, 432, 490, 37, 114, 1181, 477, 213, 173, 1010, 1410, 525, 728, 293, 605, 937, 254, 419, 1044, 88, 634, 318, 21, 113, 97, 613, 653, 386, 608, 143, 724, 890, 270, 177, 164, 893, 441]",{267},"[5.272327, 5.1134825, 4.439963, 4.40326, 4.1569505, 4.1094174, 4.3353925, 4.059675, 4.056549, 4.031799, 3.979242, 3.954704, 4.148675, 3.8315234, 3.8038254, 3.7897775, 3.7872646, 3.748931, 3.6757581, 3.6697772, 3.6487489, 3.6585681, 3.6398246, 3.6207962, 3.595809, 3.5984454, 3.5659173, 3.7925284, 3.5454135, 3.5599844, 3.5448194, 3.5278099, 3.5238125, 3.5118933, 3.7379937, 3.4941366, 3.456936, 3.4430113, 3.4453735, 3.4421434, 3.4276829, 3.4272552, 3.415102, 3.4051015, 3.3903708, 3.379462, 3.3628228, 3.3583655, 3.358919, 3.3537214]",142
79,425,"[425, 127, 472, 241, 490, 477, 179, 601, 22, 355, 186, 13, 390, 478, 731, 626, 642, 313, 430, 314, 168, 486, 188, 44, 432, 1352, 661, 604, 134, 1181, 159, 335, 133, 928, 1485, 63, 164, 1011, 126, 1012, 505, 503, 605, 184, 966, 29, 237, 732, 304, 267]","[127, 425, 472, 241, 477, 355, 490, 601, 179, 390, 22, 731, 13, 314, 642, 188, 430, 478, 486, 626, 186, 313, 604, 44, 1352, 432, 168, 661, 928, 1181, 63, 1011, 134, 1012, 335, 133, 1485, 503, 605, 164, 966, 159, 237, 505, 267, 184, 304, 126, 732, 29]",{224},"[5.9584274, 6.064746, 5.82796, 5.6864643, 5.5239797, 5.6237235, 5.4566617, 5.473723, 5.4448752, 5.5310206, 5.230476, 5.3853965, 5.4456077, 5.324453, 5.38567, 5.24115, 5.3679194, 5.226315, 5.3394985, 5.372746, 5.130047, 5.306113, 5.3440256, 5.157243, 5.13667, 5.152177, 5.1247325, 5.1884704, 5.038077, 5.0729117, 4.893079, 4.94297, 4.9348955, 5.0760694, 4.919142, 5.0704865, 4.907554, 5.039164, 4.7525353, 4.9748726, 4.8280287, 4.916418, 4.914817, 4.7939487, 4.8957553, 4.654524, 4.8733773, 4.7233396, 4.765519, 4.7989774]",477
80,1352,"[1352, 1441, 1578, 135, 1141, 706, 1012, 461, 1485, 342, 505, 482, 858, 657, 1581, 1190, 1430, 178, 59, 610, 599, 241, 1272, 118, 659, 1180, 1076, 1582, 304, 223, 1351, 698, 541, 300, 860, 301, 497, 130, 7, 406, 1525, 168, 863, 433, 492, 1090, 1444, 895, 1111, 179]","[1441, 858, 1352, 1578, 1141, 706, 657, 135, 1430, 342, 1581, 505, 1012, 178, 1190, 482, 1582, 241, 59, 461, 1485, 1076, 118, 304, 497, 1111, 610, 301, 492, 223, 541, 168, 599, 300, 1444, 698, 1180, 7, 1351, 895, 1272, 1090, 433, 659, 860, 179, 406, 130, 863, 1525]","{512, 513, 10, 526, 527, 21, 551, 43, 566, 55, 56, 68, 580, 78, 85, 87, 91, 94, 96, 116, 120, 123, 637, 125, 133, 136, 653, 142, 1182, 160, 175, 691, 182, 704, 711, 202, 720, 211, 725, 214, 217, 220, 236, 240, 254, 275, 283, 284, 809, 299, 319, 832, 840, 338, 850, 370, 376, 385, 391, 401, 403, 408, 409, 421, 934, 426, 941, 942, 948, 963, 474, 481, 485, 999, 1001, 1005, 1011, 510}","[5.4236984, 5.5544996, 5.3274045, 5.081656, 5.2358403, 5.125602, 5.007622, 4.8708363, 4.867437, 5.0502024, 5.016532, 4.9619303, 5.4241877, 5.0826716, 5.0333624, 4.994165, 5.0673385, 5.007019, 4.8884916, 4.75409, 4.642968, 4.9129643, 4.5484667, 4.847549, 4.5293956, 4.61695, 4.8516097, 4.9217415, 4.833287, 4.6690006, 4.5825872, 4.624883, 4.6565504, 4.636697, 4.5009174, 4.7271485, 4.825511, 4.3791056, 4.604631, 4.457386, 4.3168297, 4.652619, 4.3718944, 4.5379324, 4.711928, 4.5434384, 4.6292615, 4.578377, 4.77741, 4.5003667]",858
81,1554,"[1554, 311, 1182, 462, 63, 250, 726, 1430, 1485, 316, 742, 427, 326, 165, 1010, 1252, 173, 314, 425, 651, 832, 331, 891, 49, 240, 1477, 171, 908, 937, 1190, 732, 658, 214, 639, 390, 631, 264, 1049, 56, 313, 1123, 484, 86, 295, 517, 280, 504, 511, 500, 485]","[311, 63, 732, 1554, 165, 173, 1182, 49, 462, 1477, 171, 214, 1430, 250, 264, 726, 86, 295, 1485, 485, 240, 316, 832, 742, 427, 326, 390, 1010, 1123, 1252, 314, 425, 651, 908, 658, 639, 937, 631, 1049, 56, 313, 484, 891, 517, 504, 280, 511, 500, 331, 1190]","{1024, 1033, 11, 403, 404, 917, 279, 538, 30, 286, 158, 926, 931, 293, 37, 552, 681, 1322, 43, 297, 1200, 566, 320, 325, 968, 202, 974, 593, 468, 224, 105, 236, 1007, 1263, 116, 766, 383}","[5.164838, 5.456869, 5.0039363, 4.9721675, 5.3627415, 4.894685, 4.8676114, 4.9065647, 4.824036, 4.7929235, 4.7610645, 4.7341123, 4.7317934, 5.119541, 4.6862545, 4.6581874, 5.0284786, 4.602885, 4.600211, 4.5754704, 4.769428, 4.2284336, 4.4221277, 4.973892, 4.797127, 4.9591465, 4.948027, 4.538511, 4.471268, 3.9657283, 5.165408, 4.5168433, 4.9199677, 4.473697, 4.7141895, 4.4672523, 4.8677206, 4.457695, 4.4426007, 4.4306874, 4.667491, 4.4252887, 4.832427, 4.8280907, 4.415841, 4.4064837, 4.4071903, 4.403973, 4.3981047, 4.8087893]",732
82,849,"[849, 1140, 749, 392, 1554, 1430, 1156, 240, 1010, 1182, 1123, 462, 1409, 937, 731, 250, 1248, 726, 890, 725, 732, 536, 1485, 915, 1252, 555, 268, 1109, 479, 1054, 1330, 19, 894, 916, 427, 188, 610, 280, 933, 742, 1255, 484, 604, 954, 1446, 928, 1264, 691, 221, 304]","[1554, 1140, 1430, 849, 1182, 392, 462, 1330, 240, 250, 726, 732, 749, 1123, 742, 1156, 1485, 604, 954, 1255, 280, 691, 725, 894, 937, 479, 1054, 1010, 928, 304, 427, 731, 916, 268, 1252, 221, 19, 890, 1109, 536, 188, 484, 1409, 1248, 610, 1264, 933, 1446, 555, 915]","{417, 738, 193, 6, 681, 204, 142, 143, 175, 468, 117, 190, 509, 286}","[5.4485245, 5.456173, 4.9405365, 5.097623, 5.6645594, 5.45063, 4.8707247, 5.01392, 4.71386, 5.1173735, 4.8866763, 5.084945, 4.4257097, 4.7649817, 4.680146, 5.011541, 4.3490076, 4.981795, 4.5084405, 4.7745285, 4.9579144, 4.470874, 4.843809, 4.075015, 4.633181, 4.202218, 4.653624, 4.4977508, 4.738838, 4.71477, 5.0200033, 4.5309424, 4.7719994, 4.673267, 4.683187, 4.4485674, 4.3436112, 4.804776, 4.325385, 4.8747115, 4.834452, 4.4329824, 4.842843, 4.840868, 4.3067217, 4.703218, 4.3418403, 4.7925406, 4.54126, 4.6883917]",1430
83,222,"[222, 406, 848, 270, 610, 113, 513, 476, 1220, 355, 97, 949, 653, 707, 527, 191, 516, 227, 207, 206, 1114, 510, 669, 423, 606, 1003, 425, 609, 11, 608, 168, 284, 189, 283, 1411, 690, 1292, 520, 646, 1168, 541, 649, 849, 634, 1163, 939, 941, 1330, 143, 506]","[610, 1220, 848, 406, 513, 476, 949, 113, 222, 939, 270, 1114, 516, 527, 97, 653, 510, 355, 207, 206, 423, 849, 669, 1292, 606, 941, 284, 609, 227, 1163, 608, 189, 283, 425, 707, 634, 646, 11, 168, 690, 191, 506, 1411, 1168, 520, 1003, 649, 1330, 541, 143]","{0, 514, 132, 518, 652, 13, 654, 15, 529, 530, 788, 23, 281, 292, 44, 49, 179, 185, 58, 59, 60, 1089, 197, 203, 208, 850, 981, 471, 472, 90, 478, 95, 738, 98, 616, 496, 119, 120, 511}","[5.713381, 5.898826, 6.0175047, 5.6310143, 6.1854787, 5.73237, 5.8837156, 5.8619123, 6.1584187, 5.340208, 5.378297, 5.7668276, 5.3751287, 5.078326, 5.4274487, 4.9584603, 5.4619164, 5.2196684, 5.3389554, 5.331709, 5.5884995, 5.370586, 5.304249, 5.3217306, 5.236803, 4.899444, 5.1175556, 5.2209315, 5.0447245, 5.202032, 5.0111017, 5.2232456, 5.153976, 5.1190996, 4.93409, 4.9713163, 5.2673426, 4.908046, 5.0481653, 4.9254413, 4.8200436, 4.8441114, 5.3173385, 5.056392, 5.21749, 5.632795, 5.225714, 4.839405, 4.7770414, 4.9358835]",939
84,509,"[509, 173, 49, 1129, 1430, 126, 1330, 97, 171, 180, 954, 186, 191, 832, 355, 165, 295, 198, 1104, 63, 1092, 897, 21, 316, 421, 314, 485, 182, 190, 164, 525, 143, 1431, 957, 518, 184, 601, 175, 649, 425, 523, 156, 521, 401, 903, 172, 494, 481, 179, 781]","[173, 49, 97, 954, 1431, 295, 1129, 509, 21, 1092, 421, 1330, 171, 1104, 143, 1430, 180, 518, 832, 126, 494, 165, 63, 316, 190, 186, 191, 355, 957, 198, 649, 897, 401, 314, 172, 481, 781, 485, 182, 164, 525, 184, 903, 601, 175, 425, 523, 156, 521, 179]","{257, 6, 270, 274, 146, 542, 300, 325, 326, 965, 589, 595, 352, 744, 747, 236, 116, 120, 124}","[5.4719577, 5.9424973, 5.5170493, 5.474499, 5.28016, 5.194061, 5.3745203, 5.509021, 5.300277, 5.276243, 5.5063314, 5.0245767, 5.0204897, 5.199398, 4.9916673, 5.1544523, 5.4760466, 4.945615, 5.297065, 5.128691, 5.414897, 4.9132266, 5.427841, 5.0742908, 5.3782096, 4.8681216, 4.84879, 4.8394876, 5.0260386, 4.8323865, 4.7821965, 5.292843, 5.4874854, 4.951832, 5.274314, 4.740375, 4.7353597, 4.7289443, 4.918521, 4.7230015, 4.7218585, 4.710214, 4.7048793, 4.8933964, 4.7395873, 4.862715, 5.187262, 4.8601093, 4.6652412, 4.850927]",1431
85,494,"[494, 314, 732, 63, 97, 21, 731, 316, 509, 270, 313, 1182, 240, 521, 164, 113, 656, 168, 186, 283, 390, 355, 1430, 832, 296, 513, 425, 11, 126, 749, 1010, 70, 487, 493, 165, 142, 86, 1252, 14, 310, 191, 1123, 417, 649, 527, 1104, 250, 188, 954, 996]","[494, 270, 996, 97, 314, 509, 749, 113, 1010, 63, 168, 21, 283, 732, 513, 11, 296, 316, 1430, 731, 250, 313, 126, 142, 521, 186, 164, 417, 310, 527, 656, 493, 188, 954, 390, 355, 425, 191, 1182, 1104, 487, 70, 240, 832, 86, 1252, 14, 165, 649, 1123]","{258, 578, 99, 485, 933, 198, 360, 840, 233, 267, 874, 681, 272, 690, 341, 280, 890, 95}","[5.194483, 4.9868937, 4.76653, 4.868952, 4.9920344, 4.8016753, 4.7004356, 4.7405033, 4.917397, 5.0779767, 4.677093, 4.4251175, 4.3801003, 4.595025, 4.55472, 4.8780212, 4.5102735, 4.860399, 4.5634885, 4.796336, 4.4707055, 4.4679885, 4.72368, 4.356126, 4.750067, 4.766016, 4.4646664, 4.7512574, 4.6352654, 4.885646, 4.8755517, 4.4044704, 4.4057097, 4.5099597, 4.188716, 4.6173573, 4.3146567, 4.2495103, 4.218657, 4.5157995, 4.4604073, 4.0395274, 4.532304, 4.1760597, 4.5115085, 4.405977, 4.6817594, 4.504693, 4.5043726, 4.997504]",996
86,1430,"[1430, 1578, 1147, 1352, 1485, 1129, 1582, 518, 1330, 1118, 610, 903, 270, 13, 954, 541, 311, 485, 1525, 295, 1104, 1055, 1012, 1441, 461, 338, 601, 421, 523, 223, 314, 156, 1124, 491, 168, 1292, 895, 860, 1141, 612, 511, 478, 143, 996, 639, 1431, 342, 301, 957, 897]","[1147, 1578, 996, 1430, 1352, 1118, 518, 13, 860, 1582, 461, 895, 223, 270, 541, 314, 1485, 610, 1012, 338, 1330, 903, 1129, 1124, 485, 491, 954, 1292, 1141, 168, 1104, 601, 342, 612, 143, 523, 311, 156, 421, 295, 1441, 1525, 1431, 301, 1055, 511, 478, 957, 639, 897]","{512, 640, 3, 515, 519, 776, 521, 7, 1019, 391, 142, 401, 786, 274, 788, 661, 21, 22, 160, 417, 938, 430, 815, 51, 53, 182, 1207, 568, 55, 57, 315, 316, 63, 192, 449, 195, 196, 454, 72, 1102, 207, 464, 465, 82, 85, 86, 472, 217, 859, 476, 225, 227, 237, 621, 623, 240, 752, 1396, 501, 120, 123}","[4.656296, 4.703016, 4.936978, 4.447476, 4.0740995, 3.9338627, 4.258906, 4.2845716, 3.9382546, 4.3223977, 3.9595785, 3.9341214, 4.1616035, 4.2637644, 3.9041266, 4.1570687, 3.800816, 3.9312005, 3.740694, 3.771496, 3.8274026, 3.701844, 3.95607, 3.7475815, 4.2395616, 3.943999, 3.8240523, 3.7721043, 3.8043365, 4.1796484, 4.1203413, 3.7934067, 3.9318137, 3.9102778, 3.855012, 3.899319, 4.2063904, 4.261313, 3.8877885, 3.8175611, 3.5532339, 3.5530365, 3.8061316, 4.6566515, 3.4701312, 3.727683, 3.8213854, 3.7032838, 3.5223794, 3.4107594]",996
87,509,"[509, 1430, 97, 832, 314, 186, 191, 355, 173, 63, 1104, 198, 897, 21, 316, 485, 182, 164, 1182, 313, 270, 525, 190, 175, 49, 184, 601, 425, 523, 521, 194, 156, 1129, 903, 947, 11, 179, 494, 481, 143, 421, 1330, 165, 215, 218, 476, 655, 513, 954, 660]","[509, 97, 1430, 173, 832, 314, 21, 186, 191, 355, 1104, 198, 897, 63, 316, 485, 182, 164, 270, 494, 525, 190, 49, 175, 421, 194, 184, 601, 313, 1182, 1129, 425, 523, 156, 215, 903, 476, 218, 954, 11, 179, 481, 143, 521, 947, 1330, 165, 655, 513, 660]","{634, 429}","[5.8474684, 5.6457543, 5.687236, 5.4598813, 5.417938, 5.400104, 5.3952265, 5.367306, 5.486305, 5.2779207, 5.341595, 5.318455, 5.2887597, 5.4120755, 5.2383423, 5.2245245, 5.215202, 5.2093463, 5.1004095, 5.1075435, 5.177605, 5.1574507, 5.144782, 5.1344647, 5.141045, 5.113847, 5.110181, 5.09855, 5.0975237, 5.0260487, 5.118425, 5.0855427, 5.0986514, 5.0799913, 4.9960136, 5.054053, 5.0406094, 5.1633587, 5.037164, 5.0300016, 5.1266265, 4.9778914, 4.959674, 5.0816026, 5.056947, 5.060481, 4.926101, 4.9206066, 5.054466, 4.909849]",173
88,1129,"[1129, 63, 165, 732, 485, 168, 11, 481, 425, 169, 491, 957, 526, 192, 523, 482, 494, 496, 316, 601, 517, 291, 1010, 164, 86, 1330, 602, 112, 172, 609, 1525, 528, 118, 190, 659, 655, 198, 177, 646, 406, 355, 954, 1141, 611, 418, 98, 295, 1477, 788, 402]","[63, 609, 1129, 165, 481, 425, 491, 168, 11, 192, 523, 732, 482, 601, 164, 485, 517, 291, 602, 86, 528, 169, 1525, 957, 659, 526, 494, 177, 198, 112, 355, 496, 316, 418, 98, 788, 402, 1330, 406, 1010, 190, 118, 611, 655, 172, 646, 954, 1141, 1477, 295]","{269, 21, 284, 286, 804, 300, 175, 54, 55, 574, 321, 67, 326, 81, 342, 344, 345, 229, 746, 244}","[5.6748104, 5.749241, 5.6068816, 5.347767, 5.261484, 5.3930445, 5.3826585, 5.5166206, 5.42933, 5.152568, 5.410087, 5.1297555, 5.1103435, 5.3605, 5.357397, 5.3397393, 5.100086, 5.0345607, 5.0260715, 5.29879, 5.261097, 5.257722, 4.88114, 5.266427, 5.1963024, 4.9549184, 5.2005963, 5.052056, 4.8085465, 5.6860495, 5.1423535, 5.1562095, 4.8633914, 4.870188, 5.1218033, 4.8391323, 5.077297, 5.081883, 4.7811074, 4.902274, 5.038663, 4.749195, 4.742565, 4.8501525, 4.9964757, 4.9941115, 4.714149, 4.740094, 4.9653635, 4.962006]",609
89,1430,"[1430, 1352, 1578, 1441, 1485, 858, 1141, 135, 1581, 610, 1012, 706, 342, 645, 461, 1190, 1525, 8, 1582, 1444, 639, 1147, 118, 1055, 528, 657, 1076, 482, 301, 492, 897, 59, 1330, 601, 494, 903, 338, 691, 133, 178, 511, 261, 518, 99, 698, 599, 13, 1292, 1124, 198]","[1430, 59, 1581, 1441, 599, 1352, 1578, 338, 610, 706, 645, 1292, 135, 1485, 99, 657, 342, 492, 1141, 461, 494, 8, 1147, 698, 118, 528, 178, 1190, 858, 1582, 1330, 1012, 1076, 482, 1525, 1444, 518, 691, 1055, 601, 301, 903, 511, 1124, 639, 13, 897, 261, 133, 198]","{0, 516, 134, 649, 10, 656, 529, 658, 147, 915, 23, 24, 155, 298, 172, 174, 815, 175, 690, 182, 185, 321, 195, 453, 197, 199, 69, 200, 970, 202, 72, 207, 1231, 468, 215, 472, 473, 92, 355, 742, 233, 759, 236, 1005, 379, 629, 247, 248, 126, 507, 638}","[5.043758, 4.772925, 4.7361255, 4.815061, 4.594537, 4.3226094, 4.559348, 4.5999546, 4.88228, 4.7301145, 4.2808905, 4.7259088, 4.580121, 4.7096343, 4.553493, 4.3285093, 4.2507625, 4.5255337, 4.317368, 4.2461457, 3.9788144, 4.4979386, 4.3595657, 4.2192817, 4.3525677, 4.581544, 4.259401, 4.2590137, 4.119589, 4.5757103, 3.9190128, 4.904205, 4.2921667, 4.133203, 4.544805, 4.116247, 4.732665, 4.2209578, 3.766849, 4.3323693, 4.066218, 3.7877855, 4.23425, 4.5925694, 4.371369, 4.7743435, 3.9580727, 4.7069025, 4.0633492, 3.6661425]",599
90,1352,"[1352, 601, 1485, 478, 642, 1525, 184, 1430, 177, 355, 425, 134, 651, 472, 477, 44, 22, 509, 430, 863, 928, 610, 126, 511, 523, 196, 604, 481, 1011, 521, 661, 123, 1181, 1578, 605, 487, 186, 480, 488, 613, 304, 513, 13, 133, 1333, 191, 503, 486, 441, 517]","[601, 509, 1352, 478, 1430, 642, 1485, 184, 355, 177, 425, 134, 651, 928, 610, 1525, 511, 472, 1333, 477, 481, 521, 1011, 604, 123, 44, 430, 22, 196, 513, 1578, 523, 304, 126, 661, 863, 487, 488, 186, 1181, 133, 191, 486, 441, 517, 605, 480, 613, 503, 13]","{292, 6, 8, 940, 241, 274, 115, 220, 283, 92}","[5.69026, 5.7028756, 5.5402017, 5.636945, 5.541469, 5.3828783, 5.475779, 5.5998025, 5.441556, 5.4610453, 5.440334, 5.4313817, 5.4263353, 5.3801413, 5.34606, 5.2802467, 5.276217, 5.6977515, 5.2786484, 5.126912, 5.4036236, 5.40315, 5.1836557, 5.382039, 5.2118835, 5.2271605, 5.3060455, 5.330318, 5.3196244, 5.325981, 5.155224, 5.298787, 5.025456, 5.226518, 4.9923964, 5.1148696, 5.041846, 4.9783964, 5.09604, 4.9706335, 5.1837792, 5.226676, 4.830786, 5.0073295, 5.348733, 5.0048494, 4.858578, 5.0027313, 5.001633, 4.9963818]",509
91,392,"[392, 1246, 1430, 1140, 698, 498, 1156, 268, 514, 5, 1444, 714, 937, 849, 963, 1255, 1554, 749, 737, 732, 1539, 610, 189, 1147, 935, 1330, 1485, 1010, 1578, 1118, 1036, 1525, 627, 118, 1129, 858, 1552, 938, 954, 1231, 1441, 369, 939, 479, 832, 100, 298, 704, 1207, 135]","[5, 1430, 1246, 1578, 392, 1147, 698, 1444, 1485, 1118, 1554, 1441, 1140, 1255, 514, 1156, 100, 610, 1330, 1036, 1525, 1129, 118, 498, 737, 963, 849, 954, 858, 268, 714, 135, 1207, 1539, 749, 935, 1231, 937, 189, 1010, 732, 1552, 832, 479, 939, 704, 298, 938, 369, 627]","{0, 513, 8, 521, 10, 525, 526, 24, 1051, 544, 1064, 557, 47, 49, 53, 55, 1082, 578, 67, 580, 70, 71, 586, 595, 87, 88, 90, 95, 97, 620, 122, 124, 134, 142, 658, 147, 160, 676, 168, 171, 175, 176, 178, 187, 190, 192, 713, 214, 217, 224, 226, 227, 228, 744, 233, 234, 751, 756, 257, 264, 286, 302, 815, 321, 836, 356, 361, 885, 378, 390, 391, 403, 407, 408, 409, 922, 429, 445, 453, 975, 470, 471, 476, 481}","[5.704069, 5.8618293, 6.0586615, 5.366768, 5.6494827, 5.151193, 5.246565, 5.0668836, 5.324053, 6.3019238, 5.6076245, 5.05619, 4.976853, 5.134051, 5.1400323, 5.3474503, 5.3825464, 5.006448, 5.14245, 4.9677234, 5.008266, 5.225634, 4.97613, 5.669199, 5.0050516, 5.211521, 5.493166, 4.96959, 5.7041564, 5.462244, 5.1841245, 5.180099, 4.4077573, 5.164876, 5.1720896, 5.0989895, 4.9268394, 4.6224394, 5.11848, 5.0048065, 5.3817654, 4.59965, 4.7157164, 4.7335386, 4.7954707, 5.240577, 4.624251, 4.6839046, 5.029382, 5.036601]",1578
92,996,"[996, 669, 13, 541, 611, 645, 113, 609, 599, 59, 168, 527, 309, 248, 882, 461, 610, 1111, 1114, 342, 650, 164, 789, 1147, 582, 476, 1389, 612, 198, 165, 425, 491, 1003, 112, 1582, 1129, 1163, 223, 708, 893, 23, 270, 578, 851, 510, 1001, 1226, 949, 132, 150]","[669, 582, 996, 541, 609, 611, 645, 1129, 113, 13, 309, 882, 164, 168, 59, 425, 248, 599, 1163, 527, 165, 893, 1111, 610, 1147, 1226, 1389, 1114, 476, 650, 198, 112, 270, 342, 132, 1003, 23, 461, 150, 949, 1582, 578, 789, 510, 612, 1001, 851, 708, 223, 491]","{512, 513, 1, 3, 516, 519, 529, 21, 1054, 30, 542, 1060, 1061, 1064, 554, 47, 49, 60, 63, 64, 1091, 580, 68, 85, 86, 92, 605, 1118, 95, 96, 97, 1123, 1124, 115, 116, 120, 1150, 640, 649, 653, 654, 665, 668, 1181, 670, 159, 671, 681, 171, 683, 689, 178, 179, 694, 185, 186, 191, 1216, 705, 194, 195, 203, 209, 211, 212, 214, 215, 216, 220, 231, 233, 747, 768, 769, 770, 269, 274, 279, 280, 796, 290, 300, 301, 820, 311, 313, 316, 323, 331, 332, 848, 338, 850, 355, 881, 377, 379, 383, 401, 411, 935, 430, 951, 439, 445, 446, 464, 469, 982, 473, 480, 509}","[4.6267443, 4.705957, 4.453871, 4.553653, 4.5489554, 4.5468173, 4.4836974, 4.5505953, 4.1707735, 4.2661204, 4.2851834, 4.1559772, 4.4282, 4.220291, 4.348815, 3.8092268, 4.0773478, 4.085606, 3.9842038, 3.8922386, 3.967994, 4.30906, 3.6710653, 3.9996154, 4.6290565, 3.9763787, 3.9888968, 3.6401339, 3.966691, 4.145683, 4.224456, 3.4468195, 3.8399367, 3.920487, 3.7237256, 4.512901, 4.1578913, 3.5482435, 3.5661004, 4.1027427, 3.8212578, 3.8985412, 3.6779928, 3.5734706, 3.6544788, 3.6131043, 3.995046, 3.7367582, 3.870753, 3.7551224]",582
93,1352,"[1352, 858, 1441, 1141, 1578, 652, 99, 1124, 691, 1190, 1582, 714, 1430, 1076, 482, 1012, 494, 1581, 541, 629, 135, 118, 531, 123, 948, 1330, 1179, 304, 1272, 481, 1485, 190, 206, 659, 599, 556, 212, 370, 732, 13, 654, 204, 462, 736, 526, 604, 1525, 915, 704, 479]","[652, 99, 1124, 714, 1179, 1141, 1441, 858, 556, 654, 948, 541, 1330, 1352, 531, 206, 204, 1190, 1582, 1578, 1076, 691, 482, 915, 629, 370, 599, 13, 1581, 494, 135, 118, 123, 1272, 481, 190, 659, 736, 1430, 1012, 526, 212, 1525, 604, 732, 479, 304, 1485, 462, 704]","{320, 1282, 869, 331, 171, 301, 241, 308, 314, 284}","[5.2672353, 5.3868523, 5.389835, 5.4537125, 5.163953, 5.9510684, 5.819559, 5.710436, 5.1582303, 5.2275424, 5.215396, 5.493312, 4.8018746, 5.159898, 5.1579504, 4.775844, 4.98715, 5.054977, 5.2821307, 5.1160955, 4.964377, 4.957023, 5.2599425, 4.930421, 5.3460717, 5.2773113, 5.455819, 4.450246, 4.8875794, 4.88749, 4.401368, 4.8783355, 5.2554617, 4.8405585, 5.097308, 5.377613, 4.74792, 5.098623, 4.640549, 5.079372, 5.363293, 5.2475286, 4.3786545, 4.818934, 4.7576165, 4.6933365, 4.7079353, 5.152018, 4.2944317, 4.5778513]",541
94,491,"[491, 425, 1117, 318, 63, 1477, 526, 406, 49, 355, 601, 113, 1330, 527, 611, 291, 602, 222, 609, 171, 788, 131, 509, 882, 646, 168, 523, 520, 170, 1411, 477, 46, 655, 513, 504, 9, 485, 177, 612, 507, 1106, 418, 954, 204, 1129, 702, 314, 196, 515, 135]","[63, 882, 491, 113, 1477, 609, 1117, 1106, 46, 526, 1129, 291, 425, 1330, 168, 788, 318, 611, 171, 131, 509, 527, 646, 523, 602, 1411, 406, 49, 177, 355, 170, 418, 504, 507, 954, 204, 601, 9, 702, 222, 515, 135, 612, 520, 655, 513, 485, 477, 196, 314]","{259, 261, 1162, 1163, 270, 675, 292, 308, 313, 321, 331, 334, 335, 341, 981, 344, 744, 360, 746, 877, 1013, 886, 1015, 891}","[5.495519, 4.9717693, 5.276802, 4.8073745, 5.7828717, 5.377061, 5.093858, 4.635447, 4.622864, 4.607178, 4.426945, 5.4435472, 4.964002, 4.7216606, 4.785412, 4.9727983, 4.703793, 4.3958282, 5.3403964, 4.766883, 4.861503, 4.7542434, 4.7315197, 5.589542, 4.7184067, 4.9240165, 4.7122974, 4.1786356, 4.597641, 4.685143, 3.990129, 5.1069026, 4.131099, 4.1231856, 4.537458, 4.4233403, 4.097415, 4.6100416, 4.359407, 4.48513, 5.130678, 4.58695, 4.481363, 4.463337, 4.9731426, 4.4124193, 3.8096263, 3.9746332, 4.387569, 4.374305]",1129
95,113,"[113, 1477, 314, 283, 355, 509, 250, 92, 25, 313, 425, 1330, 690, 521, 311, 582, 222, 1226, 650, 270, 485, 929, 476, 1051, 372, 545, 882, 464, 487, 890, 609, 168, 536, 189, 694, 726, 510, 165, 610, 1252, 1182, 199, 406, 1430, 849, 47, 996, 248, 90, 463]","[113, 996, 1477, 283, 314, 92, 1226, 270, 250, 355, 1330, 545, 509, 882, 476, 313, 582, 311, 1051, 25, 168, 929, 372, 425, 690, 849, 521, 485, 222, 536, 650, 248, 694, 510, 890, 610, 487, 1430, 726, 90, 165, 463, 609, 199, 1252, 464, 47, 189, 1182, 406]","{512, 513, 3, 519, 522, 11, 524, 13, 525, 1040, 529, 21, 22, 27, 544, 560, 564, 566, 58, 574, 1089, 67, 72, 78, 595, 607, 626, 629, 120, 124, 640, 132, 133, 653, 658, 155, 160, 169, 693, 184, 185, 186, 1212, 190, 193, 196, 708, 204, 210, 215, 738, 742, 232, 237, 752, 759, 254, 271, 1317, 296, 821, 822, 315, 316, 861, 365, 409, 421, 431, 433, 969, 460, 466, 984, 473, 481, 1003, 1014, 506, 1019}","[5.060967, 5.0234385, 4.624292, 4.7359595, 4.442165, 4.4324946, 4.516032, 4.5938416, 4.3113356, 4.397791, 4.2974052, 4.4389114, 4.2929025, 4.2656116, 4.3474174, 4.370243, 4.2318864, 4.5907497, 4.2035522, 4.523155, 4.2404275, 4.301904, 4.4021983, 4.338614, 4.298165, 4.4327726, 4.427615, 3.9710162, 4.1248736, 4.1523857, 4.023255, 4.3100467, 4.2087655, 3.9617121, 4.181768, 4.075119, 4.1668444, 4.0431376, 4.1455736, 3.9755964, 3.9529407, 4.0100284, 3.8809936, 4.116912, 4.270411, 3.9632351, 5.028663, 4.198218, 4.0468335, 4.0391016]",996
96,311,"[311, 173, 1010, 63, 954, 1330, 172, 1129, 171, 509, 316, 142, 1477, 494, 168, 518, 188, 314, 295, 82, 270, 190, 485, 0, 417, 421, 1430, 11, 476, 97, 214, 165, 957, 7, 143, 649, 113, 313, 1147, 1431, 222, 204, 658, 481, 86, 832, 526, 135, 193, 960]","[1010, 1330, 954, 476, 171, 11, 311, 82, 1129, 172, 509, 494, 142, 222, 204, 0, 63, 173, 168, 7, 188, 270, 518, 1147, 417, 190, 485, 957, 1430, 649, 316, 1477, 113, 481, 135, 526, 193, 832, 314, 295, 421, 97, 165, 313, 658, 143, 960, 86, 1431, 214]",{267},"[4.8078074, 4.687563, 5.0501046, 4.7123985, 4.966628, 4.978377, 4.774225, 4.7799234, 4.832768, 4.761543, 4.4165893, 4.7453327, 4.4082637, 4.7501807, 4.65363, 4.5846057, 4.632034, 4.2801857, 4.217455, 4.791146, 4.598225, 4.529874, 4.5262494, 4.7318687, 4.5442305, 4.1216145, 4.449452, 4.831432, 4.8509293, 4.0874915, 3.8439443, 4.0693736, 4.45455, 4.6478686, 4.034667, 4.421576, 4.399786, 4.0647063, 4.551049, 3.9502926, 4.743828, 4.7376137, 4.04987, 4.3639193, 3.9718802, 4.298083, 4.352344, 4.3636765, 4.3354516, 3.9890282]",1330
97,1430,"[1430, 1578, 1485, 610, 338, 509, 1352, 1292, 903, 1333, 1525, 59, 1055, 639, 1330, 181, 126, 97, 1254, 897, 601, 599, 541, 511, 178, 478, 645, 1156, 206, 202, 849, 261, 173, 519, 186, 191, 1147, 949, 461, 848, 1163, 58, 587, 863, 22, 1104, 1094, 184, 467, 179]","[338, 1292, 1430, 610, 1578, 59, 599, 541, 178, 645, 206, 1352, 1485, 1333, 848, 461, 1254, 1147, 1163, 181, 1156, 509, 1330, 849, 903, 949, 587, 202, 261, 1525, 1055, 58, 863, 22, 1094, 467, 601, 126, 97, 511, 478, 519, 639, 186, 191, 173, 897, 184, 179, 1104]","{2, 8, 649, 10, 400, 401, 150, 406, 24, 419, 41, 431, 57, 316, 195, 1092, 201, 214, 227, 1001, 237, 366, 494, 626, 248}","[5.7478423, 5.4526196, 5.1643987, 5.503515, 5.8023543, 4.9859505, 5.1731668, 5.7544007, 4.9433126, 5.112193, 4.8323255, 5.4096594, 4.798549, 4.5628977, 4.9615993, 5.0058002, 4.707368, 4.706183, 5.079789, 4.5035524, 4.7121696, 5.2830086, 5.2536993, 4.645301, 5.2174807, 4.6452484, 5.199269, 4.9967127, 5.18182, 4.86326, 4.9609647, 4.856626, 4.5167646, 4.5669875, 4.5389466, 4.534093, 5.0585732, 4.8843493, 5.096898, 5.0983014, 5.0287614, 4.773477, 4.865595, 4.768251, 4.7627177, 4.2567973, 4.7534814, 4.484269, 4.7411203, 4.478784]",1292
98,736,"[736, 966, 39, 201, 1092, 627, 369, 714, 287, 479, 1430, 1330, 226, 286, 337, 872, 849, 370, 732, 915, 1264, 731, 19, 604, 963, 235, 446, 868, 206, 379, 652, 250, 704, 498, 276, 894, 916, 304, 340, 1000, 392, 858, 429, 928, 954, 240, 164, 691, 1011, 1057]","[714, 627, 479, 370, 287, 736, 1330, 915, 226, 201, 337, 604, 206, 1264, 966, 963, 652, 858, 379, 498, 732, 916, 429, 691, 250, 164, 286, 19, 235, 1011, 369, 1430, 392, 868, 954, 304, 446, 1092, 1000, 849, 39, 340, 894, 731, 872, 240, 704, 1057, 928, 276]","{67, 230, 49, 401, 180, 120}","[5.353231, 5.125956, 4.600921, 5.2505703, 4.6363344, 5.657266, 4.6896734, 5.888325, 5.398852, 5.4994426, 4.6769505, 5.3194966, 5.2735415, 4.7263227, 5.2293267, 4.4881063, 4.63179, 5.451703, 4.9687886, 5.2920914, 5.148916, 4.5555797, 4.713248, 5.226563, 5.125624, 4.7114897, 4.63712, 4.6490293, 5.1891594, 5.037658, 5.1109943, 4.8422337, 4.342882, 4.98594, 3.987721, 4.5888104, 4.96224, 4.6419945, 4.5955544, 4.6321425, 4.6722584, 5.1022935, 4.9351053, 4.2671466, 4.6480327, 4.470781, 4.7329307, 4.90135, 4.707297, 4.3019814]",287
99,849,"[849, 200, 749, 610, 1156, 832, 510, 1446, 1252, 555, 113, 270, 283, 284, 1430, 915, 1226, 168, 895, 250, 1485, 545, 643, 1092, 90, 1158, 1146, 615, 1010, 88, 464, 513, 197, 1136, 851, 92, 587, 1056, 660, 314, 893, 377, 1030, 536, 306, 1429, 1182, 1114, 766, 651]","[1430, 849, 200, 1252, 555, 1446, 832, 610, 283, 1485, 1092, 749, 510, 270, 1156, 895, 113, 643, 88, 651, 1182, 1146, 168, 1429, 314, 284, 513, 1010, 915, 1030, 660, 377, 1226, 545, 90, 1158, 615, 464, 197, 1136, 851, 92, 587, 1056, 893, 306, 250, 1114, 766, 536]","{256, 257, 785, 150, 23, 153, 155, 286, 548, 421, 41, 173, 47, 1205, 75, 209, 467, 356, 621, 494, 1008, 117, 631, 249, 127}","[5.6107497, 5.3280535, 4.982126, 5.1453567, 4.938213, 5.17368, 4.9668717, 5.186755, 5.2976737, 5.2452292, 4.866859, 4.945797, 5.070482, 4.6436515, 5.613276, 4.60105, 4.5609684, 4.7332273, 4.8991446, 4.3164606, 5.0128784, 4.492737, 4.854334, 4.983157, 4.4705534, 4.4656577, 4.7564507, 4.455702, 4.622589, 4.8234715, 4.441457, 4.6370897, 4.419176, 4.4027157, 4.4000297, 4.390967, 4.385964, 4.3820415, 4.5802827, 4.69746, 4.361351, 4.5690236, 4.591256, 4.2768426, 4.337674, 4.7111573, 4.7611914, 4.3098598, 4.29861, 4.7886133]",1430
100,1430,"[1430, 128, 1485, 1578, 509, 903, 937, 897, 639, 1525, 1330, 1055, 1352, 126, 601, 1163, 56, 1129, 511, 478, 133, 954, 901, 189, 186, 191, 1554, 355, 1333, 1252, 644, 1104, 1182, 849, 184, 1153, 118, 651, 177, 425, 314, 1011, 311, 894, 1009, 302, 929, 485, 198, 22]","[849, 1430, 128, 1485, 1330, 897, 1554, 1163, 509, 1153, 901, 903, 1252, 1333, 639, 644, 189, 314, 651, 894, 1525, 937, 1578, 1055, 126, 929, 311, 1182, 601, 56, 198, 302, 478, 511, 186, 1129, 133, 191, 355, 954, 1104, 1352, 184, 177, 425, 485, 1011, 1009, 22, 118]","{6, 519, 8, 11, 14, 16, 21, 27, 28, 544, 1057, 34, 550, 1069, 557, 47, 564, 53, 566, 1080, 65, 66, 68, 589, 78, 77, 79, 595, 86, 87, 88, 90, 91, 94, 95, 101, 1132, 120, 634, 124, 134, 139, 652, 141, 143, 144, 146, 660, 663, 152, 154, 668, 157, 158, 159, 160, 163, 676, 166, 167, 171, 172, 173, 174, 689, 181, 185, 192, 194, 195, 712, 713, 203, 208, 213, 214, 725, 728, 735, 224, 226, 227, 229, 230, 743, 1253, 232, 237, 238, 240, 245, 246, 249, 256, 257, 260, 266, 274, 279, 792, 802, 292, 806, 298, 810, 1322, 814, 316, 321, 835, 324, 362, 373, 375, 376, 377, 408, 410, 926, 417, 434, 439, 446, 963, 453, 466, 473, 1007, 506}","[5.3764954, 5.176991, 4.8076925, 4.4356475, 4.700384, 4.5704346, 4.445717, 4.7773466, 4.513987, 4.4501023, 4.805867, 4.427737, 4.1548967, 4.4221764, 4.3410163, 4.70069, 4.328453, 4.250804, 4.27392, 4.274215, 4.2497826, 4.1974087, 4.6096964, 4.5036755, 4.2526355, 4.2488623, 4.7486634, 4.2204995, 4.534011, 4.5483575, 4.511837, 4.194654, 4.3641133, 5.379289, 4.111237, 4.610893, 3.9949045, 4.4652348, 4.079747, 4.0775895, 4.4848433, 4.0505714, 4.3892903, 4.465028, 4.0398746, 4.2851777, 4.3958993, 4.076865, 4.3258214, 4.0265183]",849
101,5,"[5, 805, 146, 1190, 147, 340, 518, 65, 180, 612, 528, 1582, 514, 235, 70, 547, 790, 748, 264, 95, 881, 27, 1554, 1297, 734, 173, 462, 414, 401, 564, 376, 781, 947, 611, 765, 1013, 747, 198, 1428, 1124, 1023, 391, 1441, 1231, 491, 165, 524, 135, 383, 269]","[5, 805, 146, 1190, 340, 147, 518, 180, 65, 612, 528, 235, 1582, 514, 70, 547, 790, 748, 264, 95, 1554, 881, 27, 1297, 734, 173, 462, 414, 401, 564, 781, 376, 765, 947, 1013, 611, 747, 1023, 198, 1428, 1124, 1231, 1441, 391, 491, 165, 524, 383, 135, 269]",{814},"[5.820814, 5.2499266, 5.0842037, 5.046786, 5.0243897, 5.045127, 4.968233, 4.9010444, 4.913015, 4.8985105, 4.7896004, 4.7584786, 4.751099, 4.778783, 4.706654, 4.7064424, 4.695489, 4.694296, 4.683267, 4.671269, 4.6503015, 4.6500764, 4.654525, 4.6208453, 4.6081166, 4.5781593, 4.5777774, 4.560123, 4.55537, 4.523951, 4.509758, 4.5179443, 4.484104, 4.463707, 4.4876046, 4.4750824, 4.4535394, 4.442798, 4.4419613, 4.4293556, 4.4494424, 4.409219, 4.416005, 4.421322, 4.4073567, 4.4001446, 4.3925266, 4.38375, 4.385352, 4.291778]",340
102,78,"[78, 201, 188, 272, 173, 594, 728, 1054, 114, 293, 142, 219, 1205, 168, 97, 143, 164, 573, 289, 566, 296, 172, 209, 163, 203, 254, 649, 1010, 477, 207, 132, 494, 63, 392, 1410, 95, 569, 735, 491, 270, 724, 72, 286, 517, 227, 655, 523, 707, 1003, 937]","[188, 142, 477, 296, 78, 1054, 1003, 201, 573, 143, 63, 254, 272, 289, 1010, 491, 173, 594, 728, 293, 114, 649, 724, 219, 569, 168, 1205, 97, 270, 517, 164, 523, 655, 566, 209, 172, 163, 203, 207, 494, 132, 1410, 392, 95, 735, 286, 72, 937, 227, 707]","{257, 385, 516, 1030, 134, 524, 656, 400, 660, 156, 674, 553, 299, 684, 683, 941, 311, 323, 69, 723, 468, 85, 732, 740, 744, 747, 376}","[5.118024, 5.0902476, 5.7791348, 4.8381667, 4.7788553, 4.766609, 4.7314043, 5.1056347, 4.727537, 4.730445, 5.7712646, 4.6353626, 4.558623, 4.5675225, 4.556099, 4.883552, 4.4697027, 4.9619327, 4.8351517, 4.450264, 5.151806, 4.361534, 4.3748474, 4.3453007, 4.340346, 4.8543024, 4.7089334, 4.806074, 5.2974296, 4.2957444, 4.2711806, 4.289181, 4.8673353, 4.240438, 4.2443447, 4.2154884, 4.5909653, 4.203031, 4.7950892, 4.5378823, 4.6807623, 4.1740794, 4.1811147, 4.486062, 4.103505, 4.46228, 4.467859, 4.09374, 5.092354, 4.1083546]",1003
103,1220,"[1220, 1430, 610, 848, 1118, 1578, 1352, 1525, 601, 478, 928, 636, 461, 1147, 338, 1292, 184, 97, 1485, 177, 903, 642, 425, 937, 355, 273, 945, 698, 472, 651, 511, 477, 134, 480, 316, 1410, 222, 525, 1333, 1272, 939, 1255, 849, 949, 509, 1012, 653, 613, 628, 541]","[1430, 1578, 1352, 1525, 610, 1118, 509, 903, 928, 848, 601, 1485, 1220, 1147, 478, 1333, 511, 461, 134, 97, 338, 1292, 1012, 184, 698, 177, 425, 355, 472, 651, 1255, 477, 316, 480, 222, 525, 628, 937, 642, 541, 1272, 613, 273, 636, 939, 949, 945, 1410, 849, 653]","{293, 13, 818, 248, 92, 126}","[5.242286, 5.810847, 5.541235, 5.250674, 5.3208623, 5.5747495, 5.5580325, 5.557901, 5.243709, 5.177222, 5.2668552, 4.763202, 5.1489363, 5.226872, 5.0788007, 5.067238, 5.0170126, 5.091047, 5.2436767, 4.9816422, 5.2682695, 4.815082, 4.9802866, 4.8265066, 4.971468, 4.77517, 4.585753, 5.0025115, 4.920065, 4.9167476, 5.160132, 4.8869114, 5.1417994, 4.876689, 4.876911, 4.5152464, 4.8547115, 4.8455095, 5.176351, 4.8008285, 4.702949, 4.900498, 4.49995, 4.599634, 5.2791505, 5.0363946, 4.455276, 4.782507, 4.836582, 4.8131227]",509
104,344,"[344, 318, 113, 882, 851, 197, 168, 609, 13, 611, 914, 749, 159, 766, 610, 59, 915, 527, 477, 645, 789, 133, 996, 127, 599, 406, 1114, 1136, 491, 388, 1436, 55, 1254, 706, 274, 510, 205, 250, 1496, 188, 478, 899, 170, 472, 809, 315, 867, 9, 22, 1226]","[113, 197, 609, 318, 749, 159, 915, 882, 22, 168, 344, 914, 1136, 610, 611, 133, 1436, 789, 1114, 527, 205, 1254, 477, 59, 406, 1226, 315, 510, 645, 766, 851, 250, 491, 55, 388, 599, 170, 809, 127, 9, 996, 13, 188, 478, 867, 706, 472, 274, 899, 1496]","{314, 301}","[4.464211, 4.616535, 4.809391, 4.5304623, 4.100753, 4.7602262, 4.4651103, 4.7427993, 4.0057974, 4.329695, 4.3583746, 4.566314, 4.536341, 4.157708, 4.339887, 4.2106514, 4.5359735, 4.258001, 4.2108326, 4.161246, 4.274518, 4.3123503, 4.020918, 4.0272465, 4.0403614, 4.19809, 4.264044, 4.347655, 4.06765, 4.0450106, 4.2960153, 4.0585575, 4.225222, 3.8366134, 3.6575658, 4.1727333, 4.233881, 4.069547, 3.5445564, 3.9126003, 3.9063873, 3.6289668, 4.0370045, 3.8115177, 4.032688, 4.176689, 3.8571997, 4.021459, 4.509946, 4.177956]",1226
105,732,"[732, 240, 731, 154, 311, 160, 280, 735, 1552, 689, 656, 314, 1054, 390, 283, 725, 594, 1010, 392, 72, 87, 1109, 1182, 192, 296, 354, 336, 272, 188, 163, 751, 749, 295, 649, 316, 1252, 270, 250, 1207, 14, 330, 219, 313, 861, 165, 214, 493, 1123, 298, 158]","[1552, 1010, 594, 283, 272, 188, 163, 311, 392, 732, 240, 160, 296, 731, 689, 270, 749, 1054, 280, 330, 219, 735, 336, 314, 725, 656, 154, 87, 1109, 390, 158, 250, 295, 649, 72, 192, 354, 214, 298, 751, 316, 1252, 165, 313, 1182, 14, 493, 1207, 861, 1123]","{482, 677, 391, 232, 265, 10, 383, 237, 1041, 24, 445, 95}","[5.209377, 5.1656213, 5.1179857, 4.912483, 5.222033, 5.1501703, 5.004689, 4.9780726, 5.541818, 5.0942655, 4.933731, 4.963758, 5.0388308, 4.8857546, 5.2571983, 4.9513464, 5.3395023, 5.360883, 5.210004, 4.8086104, 4.912115, 4.912067, 4.6503105, 4.7548385, 5.1340446, 4.7490244, 4.967095, 5.2473063, 5.2444987, 5.231882, 4.7182603, 5.0931444, 4.81558, 4.8105755, 4.717831, 4.6699386, 5.0933905, 4.8161993, 4.531791, 4.6394405, 4.9873466, 4.9848146, 4.652912, 4.501371, 4.663436, 4.7300754, 4.6009846, 4.4821177, 4.723235, 4.827083]",296
106,732,"[732, 1352, 1525, 118, 1141, 1485, 1182, 645, 631, 726, 1272, 863, 788, 714, 168, 300, 291, 406, 1076, 58, 642, 1330, 1582, 749, 390, 60, 1129, 418, 202, 1010, 335, 1578, 267, 250, 512, 970, 1581, 1124, 318, 1123, 520, 465, 145, 376, 507, 928, 1137, 1539, 535, 188]","[1525, 118, 1141, 1352, 1539, 732, 1485, 714, 1182, 1582, 1330, 1076, 60, 726, 250, 1129, 1578, 631, 145, 335, 863, 788, 1272, 1124, 291, 376, 406, 465, 645, 58, 300, 1581, 1010, 168, 418, 202, 390, 512, 267, 1123, 749, 642, 318, 970, 520, 928, 188, 507, 535, 1137]","{514, 515, 517, 10, 528, 19, 21, 544, 47, 569, 65, 68, 580, 602, 604, 95, 97, 609, 98, 613, 617, 116, 630, 133, 652, 654, 659, 673, 163, 164, 165, 167, 169, 174, 175, 176, 177, 180, 181, 696, 1208, 189, 194, 196, 204, 205, 741, 742, 747, 272, 274, 283, 290, 298, 827, 832, 858, 867, 1384, 365, 913, 401, 921, 1436, 417, 931, 943, 950, 460, 975, 471, 475, 477, 994, 485, 487, 1001, 492, 493, 1006, 495, 497, 505, 509}","[4.309409, 4.427542, 4.7204776, 4.5866823, 4.4349303, 4.2081804, 4.1436377, 3.8101156, 3.9174433, 4.0071387, 3.85653, 3.8698127, 3.862788, 4.1706977, 3.7595916, 3.7998154, 3.8292918, 3.818225, 4.036434, 3.8016262, 3.6122372, 4.0780573, 4.0843105, 3.6218243, 3.6895633, 4.0232415, 3.973368, 3.7455235, 3.7452328, 3.7645183, 3.8793979, 3.9259675, 3.6442773, 3.988247, 3.6520302, 3.5952137, 3.7964702, 3.8482885, 3.5994153, 3.6266444, 3.5760667, 3.8158426, 3.9141955, 3.8285983, 3.4931476, 3.5376241, 3.4594305, 4.3119507, 3.476473, 3.499305]",1539
107,318,"[318, 127, 490, 425, 314, 472, 478, 188, 337, 432, 477, 1054, 1181, 601, 742, 313, 673, 291, 113, 642, 78, 614, 605, 486, 427, 1117, 491, 788, 84, 213, 177, 355, 98, 1220, 661, 891, 604, 300, 344, 196, 13, 205, 201, 517, 966, 184, 73, 937, 241, 1205]","[314, 188, 1205, 318, 425, 337, 1054, 127, 477, 1181, 742, 601, 313, 78, 673, 490, 472, 642, 478, 486, 432, 1117, 517, 177, 891, 344, 84, 788, 937, 491, 1220, 966, 355, 300, 196, 604, 291, 201, 205, 113, 605, 241, 13, 427, 213, 614, 98, 661, 184, 73]","{417, 195, 272, 152, 409, 284}","[5.633982, 5.455528, 5.3154106, 5.6293945, 5.91153, 5.125737, 5.046629, 5.770639, 5.5832143, 4.9730854, 5.435799, 5.5267286, 5.414189, 5.375519, 5.4045663, 5.36019, 5.329078, 4.7031817, 4.5372663, 5.0843387, 5.3369503, 4.4129376, 4.5277987, 4.983893, 4.4852576, 4.9201236, 4.8314705, 4.8354115, 4.8546214, 4.4145517, 4.9152255, 4.7718115, 4.2865386, 4.8091364, 4.2091584, 4.882827, 4.733479, 4.770083, 4.873361, 4.76231, 4.5189714, 4.6621103, 4.6908975, 4.9154263, 4.8021183, 4.1731586, 3.976382, 4.8323097, 4.5190988, 5.681852]",1205
108,1352,"[1352, 1180, 342, 860, 1145, 406, 1272, 168, 1351, 300, 223, 599, 1059, 59, 1118, 73, 283, 130, 1581, 159, 267, 895, 659, 480, 830, 1181, 605, 651, 914, 614, 153, 541, 1505, 1485, 1012, 492, 510, 1238, 237, 654, 169, 1525, 996, 863, 801, 578, 343, 245, 191, 126]","[1180, 1145, 1272, 510, 1352, 406, 342, 300, 860, 73, 168, 130, 541, 1118, 1351, 614, 480, 605, 654, 830, 159, 1059, 223, 1181, 599, 1238, 267, 59, 651, 283, 895, 1581, 659, 801, 237, 191, 914, 153, 492, 1505, 996, 578, 245, 169, 863, 1012, 343, 1485, 1525, 126]","{512, 131, 227, 7, 171, 430, 495, 528, 220, 284, 502, 472, 380, 186, 732, 509}","[5.7826843, 5.857867, 5.6326923, 5.55239, 5.8290772, 5.723759, 5.8188133, 5.537147, 5.3252707, 5.5725083, 5.247998, 5.2196507, 5.269712, 5.182619, 5.394941, 5.5392156, 5.1755333, 5.5363793, 5.085339, 5.2835135, 5.197399, 5.115638, 5.052252, 5.300293, 5.2887373, 5.246309, 5.2976174, 5.181199, 4.9598293, 5.3031783, 4.9364324, 5.4005876, 4.9176054, 4.7499113, 4.784368, 4.93397, 5.793486, 5.209563, 5.007553, 5.2931886, 4.800694, 4.7327857, 4.8968134, 4.7950425, 5.048762, 4.871429, 4.7712274, 4.8247833, 4.976402, 4.693267]",510
109,849,"[849, 1146, 1430, 1264, 610, 848, 901, 1163, 380, 1485, 128, 1156, 1292, 1333, 56, 200, 644, 637, 1005, 338, 176, 10, 1220, 181, 639, 1254, 894, 903, 1158, 929, 325, 915, 897, 1092, 206, 1118, 935, 446, 1578, 75, 770, 1126, 1153, 217, 1525, 1154, 479, 202, 370, 536]","[1430, 901, 849, 1146, 1578, 128, 1163, 1485, 848, 637, 1118, 338, 1264, 1333, 56, 644, 610, 176, 894, 10, 181, 639, 903, 1154, 929, 1153, 897, 370, 446, 380, 75, 479, 1525, 1292, 202, 1005, 1156, 1092, 1220, 1254, 1158, 325, 915, 206, 770, 935, 217, 1126, 200, 536]","{768, 257, 134, 519, 648, 1019, 266, 653, 526, 143, 658, 916, 150, 153, 671, 933, 168, 426, 173, 813, 431, 179, 308, 57, 315, 705, 322, 67, 195, 453, 70, 454, 840, 196, 1099, 719, 208, 81, 594, 88, 728, 731, 607, 1119, 225, 96, 739, 99, 743, 233, 750, 367, 240, 881, 626, 629, 758, 121, 379}","[6.059546, 5.7058625, 6.0972986, 5.4256454, 5.376442, 5.467557, 6.0647798, 5.586545, 5.2308817, 5.521151, 5.6530013, 5.1220193, 5.1769214, 5.421571, 5.412485, 4.7756786, 5.399034, 5.4583507, 5.1570997, 5.4280677, 5.340855, 5.32728, 4.960369, 5.3134108, 5.308487, 4.952859, 5.335763, 5.2945695, 4.938171, 5.282724, 4.9232736, 4.915082, 5.259028, 4.976602, 4.9040346, 5.4429874, 4.8817234, 5.2326765, 5.665509, 5.2191286, 4.8924146, 4.816554, 5.2714753, 4.841576, 5.1797748, 5.2828026, 5.180597, 5.171459, 5.251858, 4.5601773]",901
110,406,"[406, 541, 669, 13, 610, 996, 9, 461, 113, 491, 599, 1145, 136, 1114, 510, 513, 59, 611, 355, 1238, 706, 127, 92, 646, 300, 527, 645, 3, 1111, 270, 914, 962, 642, 283, 505, 1061, 1056, 342, 476, 749, 528, 1477, 949, 318, 1003, 315, 88, 654, 1389, 159]","[9, 669, 406, 159, 13, 541, 610, 996, 1114, 1003, 127, 599, 1238, 491, 1145, 136, 642, 510, 962, 461, 749, 59, 706, 611, 113, 318, 3, 342, 914, 1056, 355, 88, 315, 505, 1477, 92, 300, 513, 527, 646, 949, 1111, 270, 645, 1061, 654, 283, 528, 476, 1389]","{264, 150, 282, 924, 158, 172, 175, 180, 55, 184, 65, 194, 197, 200, 586, 724, 468, 218, 91, 737, 98, 626}","[5.507945, 5.4533863, 5.536947, 5.454421, 5.4294415, 5.42036, 5.632109, 5.130412, 5.013038, 5.2711945, 5.293522, 5.217629, 5.213238, 5.3780065, 5.1791964, 4.833566, 5.073797, 5.0452394, 4.9194174, 5.284692, 5.0538673, 5.362035, 4.8480086, 4.7860575, 4.84195, 4.790971, 4.7029414, 4.9779973, 4.7520785, 4.7433977, 4.948874, 5.140385, 5.208576, 4.63829, 4.863651, 4.700634, 4.9415517, 4.960599, 4.5736113, 5.1293397, 4.6290274, 4.8496633, 4.7755957, 5.0112243, 5.37377, 4.8684435, 4.911792, 4.6941633, 4.55216, 5.4632125]",159
111,611,"[611, 882, 609, 41, 669, 165, 248, 194, 309, 133, 915, 1001, 1061, 491, 527, 355, 406, 164, 55, 286, 198, 1114, 610, 199, 1254, 176, 283, 510, 201, 599, 25, 159, 329, 867, 1146, 759, 785, 250, 1226, 168, 650, 509, 819, 949, 11, 893, 996, 1411, 1129, 204]","[996, 611, 248, 41, 669, 609, 133, 882, 1001, 406, 55, 915, 309, 164, 165, 1061, 527, 355, 198, 759, 283, 1114, 610, 1254, 199, 599, 510, 491, 25, 650, 329, 785, 1226, 509, 949, 159, 168, 11, 1411, 194, 250, 893, 867, 204, 1129, 819, 176, 1146, 201, 286]","{322, 675, 10, 178, 152}","[5.4469953, 5.1138268, 5.1357236, 5.2755632, 5.2604394, 5.0017257, 5.319292, 4.4240913, 5.023411, 5.1220984, 5.0330987, 5.108758, 4.986552, 4.682208, 4.9663296, 4.9571633, 5.0548086, 5.0117297, 5.0524964, 3.8951175, 4.895348, 4.7803674, 4.7652264, 4.71852, 4.748067, 4.1648936, 4.782255, 4.695185, 4.037339, 4.703202, 4.641745, 4.5285816, 4.6106415, 4.3252044, 4.154377, 4.8194466, 4.5685925, 4.422142, 4.5458164, 4.5283613, 4.6289105, 4.543365, 4.217296, 4.5295444, 4.498444, 4.382472, 5.5383854, 4.494517, 4.2720823, 4.324365]",996
112,749,"[749, 726, 464, 731, 202, 652, 250, 462, 849, 1182, 390, 512, 58, 113, 428, 915, 205, 1010, 318, 314, 425, 197, 545, 170, 732, 959, 426, 741, 1123, 1136, 1485, 1330, 19, 427, 604, 515, 631, 1436, 188, 742, 609, 313, 504, 1252, 517, 316, 165, 500, 118, 240]","[749, 464, 726, 1182, 849, 202, 250, 652, 390, 1010, 732, 462, 165, 731, 915, 314, 425, 240, 428, 427, 188, 512, 58, 113, 1123, 316, 631, 205, 313, 517, 1485, 959, 118, 318, 741, 1136, 545, 19, 197, 170, 742, 515, 500, 1252, 1330, 1436, 604, 504, 426, 609]","{194, 675, 292, 1124, 744, 1064, 747, 626, 152, 91, 95}","[6.47522, 6.0584393, 6.1005936, 5.7320914, 5.920969, 5.8914857, 5.9098797, 5.8176394, 5.944175, 6.0578966, 5.8753676, 5.5844207, 5.5752482, 5.5678735, 5.63483, 5.7129893, 5.517349, 5.8592377, 5.4321947, 5.6567698, 5.653936, 5.357608, 5.3696775, 5.345521, 5.8292503, 5.44566, 5.1860833, 5.4228373, 5.5611997, 5.4177523, 5.463807, 5.2457294, 5.3671346, 5.6339765, 5.2036076, 5.2849894, 5.5208654, 5.2169766, 5.595174, 5.315855, 5.09692, 5.485487, 5.189699, 5.2526083, 5.469691, 5.5267406, 5.7363186, 5.266128, 5.432858, 5.648055]",165
113,194,"[194, 128, 832, 95, 78, 509, 1129, 1430, 314, 165, 954, 316, 250, 1330, 21, 1477, 566, 214, 126, 295, 1010, 383, 298, 5, 1554, 86, 1182, 874, 313, 485, 1552, 518, 201, 849, 160, 1139, 189, 116, 521, 0, 186, 191, 732, 738, 881, 190, 658, 143, 1431, 1104]","[849, 194, 128, 1430, 832, 95, 78, 509, 314, 165, 1129, 1554, 316, 954, 250, 1330, 1552, 1477, 21, 126, 214, 566, 313, 1010, 298, 201, 295, 86, 1182, 383, 485, 521, 732, 160, 186, 518, 191, 1431, 738, 116, 874, 1139, 5, 189, 0, 1104, 658, 190, 143, 881]","{132, 134, 647, 28, 540, 421, 171, 430, 943, 49, 180, 195, 68, 455, 74, 209, 341, 1249, 610, 226, 120, 377}","[4.743794, 4.6591253, 4.527712, 4.4318447, 4.3814816, 4.377878, 4.2885985, 4.5552583, 4.367989, 4.2927556, 4.2322607, 4.2396646, 4.225619, 4.1726036, 4.1134896, 4.134586, 4.074639, 4.0917616, 4.1020904, 4.011955, 4.042039, 3.9904876, 4.04071, 3.884975, 4.2436123, 4.0053024, 4.0013185, 3.8940046, 4.0574045, 3.9823792, 4.1401834, 3.9289868, 4.0243, 4.7453275, 3.9319062, 3.8884196, 3.8829408, 3.9107106, 3.9762826, 3.8759396, 3.93012, 3.9270658, 3.9329195, 3.9126163, 3.7859704, 3.836729, 3.8675203, 3.8338132, 3.9216063, 3.8727498]",849
114,1092,"[1092, 610, 1156, 849, 173, 200, 194, 1330, 1430, 172, 1146, 180, 239, 609, 611, 401, 189, 1254, 49, 182, 915, 204, 1292, 379, 476, 10, 737, 1158, 206, 868, 183, 270, 832, 1264, 235, 171, 175, 1394, 201, 949, 848, 394, 587, 736, 809, 11, 1189, 155, 509, 831]","[610, 200, 1430, 1330, 180, 609, 1156, 194, 235, 611, 1254, 401, 49, 915, 204, 10, 1394, 182, 832, 849, 171, 949, 173, 587, 155, 183, 1189, 270, 831, 1092, 175, 172, 1146, 379, 11, 201, 737, 189, 509, 1292, 1264, 206, 1158, 809, 476, 848, 736, 239, 394, 868]","{257, 322, 835, 99, 567, 453, 836, 298, 434, 756, 821, 439, 441, 218}","[4.0387797, 4.75427, 4.3465343, 4.149055, 4.130709, 4.5609627, 4.346213, 4.4087505, 4.411641, 4.0040183, 3.9762058, 4.374353, 3.497622, 4.3473263, 4.3319826, 4.3130813, 3.8422205, 4.3300266, 4.296352, 4.181379, 4.296117, 4.260426, 3.82389, 3.9471152, 3.6786883, 4.240101, 3.8614705, 3.7234745, 3.7321992, 3.4404104, 4.0746484, 4.0712676, 4.169647, 3.7994096, 4.3326745, 4.137815, 4.0279016, 4.2083836, 3.9413843, 4.134692, 3.6509383, 3.4695213, 4.117689, 3.6499264, 3.6974306, 3.946872, 4.0739655, 4.0746717, 3.8415442, 4.050601]",831
115,1554,"[1554, 1156, 1255, 1010, 1182, 462, 250, 331, 726, 937, 849, 1430, 257, 316, 1330, 742, 514, 1552, 484, 188, 427, 362, 1140, 189, 1525, 118, 1373, 101, 891, 1023, 933, 135, 113, 314, 168, 425, 142, 326, 1036, 392, 56, 369, 908, 1539, 7, 658, 698, 691, 954, 601]","[849, 1255, 1156, 392, 1554, 937, 1010, 1140, 257, 1552, 369, 362, 101, 331, 326, 514, 484, 188, 1182, 462, 1373, 1539, 933, 7, 250, 698, 1430, 1330, 1023, 168, 113, 1036, 726, 142, 189, 1525, 118, 316, 742, 135, 427, 56, 891, 691, 954, 601, 314, 425, 908, 658]","{0, 640, 3, 4, 8, 1033, 10, 11, 14, 274, 21, 663, 28, 1052, 160, 931, 292, 548, 676, 552, 681, 564, 1077, 822, 55, 184, 317, 1215, 320, 836, 581, 966, 1099, 977, 209, 979, 980, 81, 471, 217, 91, 225, 97, 227, 485, 744, 232, 236, 366, 368, 1137, 626, 119, 122, 767}","[5.645767, 5.6823926, 5.6863565, 5.5150194, 5.2233157, 5.1904573, 5.152618, 5.361368, 5.1034718, 5.6380763, 6.155426, 5.140231, 5.46383, 5.012354, 5.132498, 5.0063953, 5.2767506, 5.4374623, 5.2547235, 5.2416506, 4.9517093, 5.403753, 5.494175, 5.0607486, 5.054437, 5.052314, 5.1757975, 5.371477, 4.899832, 5.129607, 5.1715426, 4.991437, 5.109485, 4.822464, 5.109768, 4.81899, 5.1006455, 5.2788377, 5.104784, 5.6458926, 4.9230113, 5.419626, 4.773381, 5.1745768, 5.167741, 4.740526, 5.150416, 4.8487916, 4.847047, 4.841382]",392
116,858,"[858, 895, 749, 1578, 1430, 714, 691, 370, 860, 1190, 1352, 1444, 1441, 268, 849, 303, 390, 492, 243, 241, 567, 392, 304, 462, 8, 1581, 38, 342, 698, 704, 1140, 1141, 555, 928, 1246, 479, 766, 645, 894, 1554, 1485, 505, 29, 1156, 283, 306, 275, 531, 968, 1010]","[749, 895, 860, 303, 1430, 1444, 243, 1578, 8, 342, 268, 567, 1190, 1010, 858, 849, 1581, 555, 370, 1156, 698, 492, 392, 283, 766, 38, 1352, 462, 1441, 390, 691, 645, 306, 714, 531, 1246, 1140, 505, 275, 894, 1485, 1554, 304, 1141, 928, 29, 241, 968, 704, 479]","{130, 391, 267, 139, 781, 142, 152, 417, 421, 168, 171, 43, 51, 950, 1207, 1086, 190, 65, 194, 449, 203, 209, 723, 215, 471, 89, 90, 607, 1122, 750, 367, 751, 629, 120, 254}","[4.6856027, 5.229996, 5.3310275, 4.7800217, 4.8525076, 4.401873, 4.4914703, 4.5842004, 5.000141, 4.7166786, 4.5005527, 4.839259, 4.4925046, 4.7264442, 4.667303, 4.8561926, 4.49148, 4.5541706, 4.8061204, 4.129058, 4.7248497, 4.5374126, 4.2419224, 4.49874, 4.7725496, 4.6163545, 4.522178, 4.744315, 4.58235, 4.0448694, 4.366675, 4.234905, 4.6036487, 4.22996, 4.381776, 3.990502, 4.5229707, 4.4592476, 4.2769613, 4.255697, 4.273036, 4.3377438, 4.178071, 4.583723, 4.524077, 4.411973, 4.312923, 4.384607, 4.124905, 4.687474]",1010
117,113,"[113, 1010, 49, 168, 731, 296, 171, 188, 11, 749, 173, 545, 406, 1477, 250, 609, 283, 487, 172, 169, 1252, 527, 505, 92, 960, 311, 1003, 669, 164, 882, 223, 206, 580, 656, 510, 650, 222, 419, 503, 610, 190, 842, 1226, 996, 390, 491, 655, 293, 476, 649]","[168, 11, 113, 171, 996, 1010, 49, 296, 250, 731, 173, 190, 311, 545, 749, 487, 1252, 172, 406, 1477, 92, 609, 669, 505, 188, 283, 527, 164, 476, 169, 223, 206, 656, 503, 1226, 222, 882, 610, 390, 1003, 655, 960, 419, 510, 650, 842, 491, 580, 293, 649]","{131, 132, 518, 519, 267, 22, 152, 27, 30, 675, 182, 441, 314, 57, 321, 193, 68, 326, 201, 586, 209, 85, 214, 728, 1114, 96, 233, 496, 881, 124}","[5.528125, 5.4378347, 5.365295, 5.5819736, 5.2074914, 5.260762, 5.4877977, 5.021544, 5.5306582, 5.1014576, 5.199132, 5.1023474, 5.0607667, 5.060107, 5.2228684, 5.0465417, 5.008064, 5.0933156, 5.072653, 4.9243984, 5.079334, 4.990079, 5.03416, 5.0544114, 4.7001495, 5.126471, 4.7264953, 5.0454254, 4.9724164, 4.7827525, 4.889827, 4.878676, 4.473822, 4.8356485, 4.6328945, 4.619608, 4.7921834, 4.649115, 4.833984, 4.7508655, 5.1497097, 4.5054803, 4.8228774, 5.4467955, 4.7407546, 4.502525, 4.7096, 4.4058843, 4.9672565, 4.3958287]",996
118,1441,"[1441, 514, 858, 180, 1352, 1141, 1582, 528, 1578, 376, 1190, 714, 1076, 482, 518, 611, 1581, 198, 737, 1124, 494, 491, 691, 1246, 524, 146, 1444, 746, 1539, 706, 5, 645, 637, 173, 118, 1129, 185, 123, 176, 1546, 646, 732, 190, 401, 49, 1272, 481, 235, 492, 1297]","[514, 1539, 5, 1578, 1441, 714, 518, 858, 1297, 180, 737, 146, 691, 1444, 1246, 1141, 1352, 173, 1582, 185, 528, 494, 1546, 1190, 376, 1076, 482, 1581, 611, 198, 1124, 491, 524, 746, 1129, 706, 645, 637, 118, 401, 646, 123, 190, 176, 49, 1272, 481, 492, 732, 235]","{512, 267, 11, 523, 657, 785, 273, 22, 281, 155, 670, 32, 674, 680, 809, 41, 556, 174, 46, 431, 178, 434, 55, 184, 441, 699, 318, 446, 193, 199, 200, 203, 216, 473, 738, 229, 233, 237, 122}","[6.1907873, 6.586106, 6.0772758, 6.033106, 5.937513, 5.943518, 5.907846, 5.894038, 6.2274747, 5.675093, 5.7042813, 6.120151, 5.635802, 5.6349025, 6.1035924, 5.613454, 5.6196437, 5.5943933, 6.0199575, 5.578783, 5.8924003, 5.556992, 5.9873304, 5.944925, 5.542354, 5.9920626, 5.9470634, 5.516766, 6.5824656, 5.446401, 6.263804, 5.438901, 5.438251, 5.9356675, 5.4322996, 5.4615073, 5.8951645, 5.4087653, 5.4062734, 5.8107414, 5.41253, 5.297432, 5.4062815, 5.414038, 5.3983006, 5.366506, 5.36565, 5.255551, 5.305187, 6.035884]",1297
119,687,"[687, 1140, 1552, 221, 890, 128, 777, 849, 95, 250, 1010, 367, 219, 270, 173, 392, 1147, 194, 731, 113, 832, 172, 66, 168, 97, 378, 1373, 311, 165, 142, 65, 283, 21, 749, 158, 882, 209, 336, 545, 513, 1118, 272, 11, 154, 1109, 1057, 188, 996, 164, 264]","[1140, 777, 194, 1552, 392, 95, 221, 1010, 367, 1373, 173, 219, 1057, 687, 172, 832, 128, 65, 311, 165, 142, 270, 1147, 209, 188, 272, 264, 164, 849, 1109, 66, 890, 250, 996, 168, 283, 97, 1118, 158, 21, 513, 11, 336, 154, 378, 882, 113, 731, 749, 545]","{49, 99, 180, 407}","[4.676681, 5.310862, 4.991401, 4.8643537, 4.3055778, 4.582786, 5.1130486, 4.3240814, 4.883881, 4.242596, 4.8116274, 4.809607, 4.7324796, 4.4472995, 4.759378, 4.9690676, 4.445762, 4.999095, 3.68757, 3.7670586, 4.6155157, 4.633526, 4.3145375, 4.233764, 4.2039404, 3.9288428, 4.8068557, 4.5110893, 4.510009, 4.5070314, 4.520569, 4.209067, 4.177083, 3.537237, 4.188917, 3.894884, 4.440545, 4.05276, 3.478751, 4.137541, 4.2038107, 4.3866696, 4.1258235, 4.026622, 4.3236513, 4.6997137, 4.395659, 4.2408295, 4.3604627, 4.372571]",264
120,610,"[610, 1430, 1485, 118, 165, 283, 88, 832, 639, 1254, 915, 609, 198, 1525, 177, 480, 509, 513, 1539, 1129, 342, 605, 645, 1156, 611, 849, 503, 601, 511, 164, 155, 496, 8, 113, 897, 267, 801, 613, 949, 957, 487, 732, 495, 749, 1352, 188, 316, 250, 315, 482]","[1485, 1430, 610, 639, 118, 1525, 1539, 283, 88, 601, 177, 1352, 198, 480, 1254, 513, 1156, 342, 609, 645, 915, 605, 511, 155, 8, 496, 503, 267, 801, 613, 957, 113, 897, 849, 487, 495, 1129, 509, 316, 250, 949, 188, 832, 482, 165, 749, 315, 732, 164, 611]","{128, 256, 2, 1028, 393, 142, 143, 400, 401, 796, 286, 160, 933, 171, 173, 430, 175, 46, 179, 564, 821, 183, 184, 187, 62, 66, 451, 79, 723, 470, 216, 221, 225, 227, 228, 100, 231, 625, 116, 757, 758, 248, 122, 382}","[4.876263, 5.047857, 5.056793, 4.777004, 4.2278795, 4.6098266, 4.6055665, 4.240001, 4.777454, 4.4790807, 4.413502, 4.4332266, 4.4961023, 4.7278337, 4.518983, 4.493984, 4.2684646, 4.47777, 4.6838803, 4.2691164, 4.436745, 4.402552, 4.4264884, 4.4436235, 3.9802132, 4.3136053, 4.37952, 4.604884, 4.3916516, 3.991191, 4.38871, 4.3802195, 4.381222, 4.343489, 4.335828, 4.3574333, 4.3560925, 4.348647, 4.2599564, 4.343603, 4.301574, 4.1544895, 4.2836967, 4.2111, 4.5033965, 4.252866, 4.2659187, 4.2644405, 4.209992, 4.2288556]",482
